-- MariaDB dump 10.17  Distrib 10.4.11-MariaDB, for Win64 (AMD64)
--
-- Host: 127.0.0.1    Database: final
-- ------------------------------------------------------
-- Server version	10.4.11-MariaDB

/*!40101 SET @OLD_CHARACTER_SET_CLIENT=@@CHARACTER_SET_CLIENT */;
/*!40101 SET @OLD_CHARACTER_SET_RESULTS=@@CHARACTER_SET_RESULTS */;
/*!40101 SET @OLD_COLLATION_CONNECTION=@@COLLATION_CONNECTION */;
/*!40101 SET NAMES utf8 */;
/*!40103 SET @OLD_TIME_ZONE=@@TIME_ZONE */;
/*!40103 SET TIME_ZONE='+00:00' */;
/*!40014 SET @OLD_UNIQUE_CHECKS=@@UNIQUE_CHECKS, UNIQUE_CHECKS=0 */;
/*!40014 SET @OLD_FOREIGN_KEY_CHECKS=@@FOREIGN_KEY_CHECKS, FOREIGN_KEY_CHECKS=0 */;
/*!40101 SET @OLD_SQL_MODE=@@SQL_MODE, SQL_MODE='NO_AUTO_VALUE_ON_ZERO' */;
/*!40111 SET @OLD_SQL_NOTES=@@SQL_NOTES, SQL_NOTES=0 */;

--
-- Temporary table structure for view `all_purchases2`
--

DROP TABLE IF EXISTS `all_purchases2`;
/*!50001 DROP VIEW IF EXISTS `all_purchases2`*/;
SET @saved_cs_client     = @@character_set_client;
SET character_set_client = utf8;
/*!50001 CREATE TABLE `all_purchases2` (
  `c_id` tinyint NOT NULL,
  `Firstname` tinyint NOT NULL,
  `Surname` tinyint NOT NULL,
  `order_id` tinyint NOT NULL,
  `p_id` tinyint NOT NULL,
  `p_name` tinyint NOT NULL,
  `quantity` tinyint NOT NULL,
  `price` tinyint NOT NULL,
  `date` tinyint NOT NULL,
  `phone` tinyint NOT NULL,
  `email` tinyint NOT NULL
) ENGINE=MyISAM */;
SET character_set_client = @saved_cs_client;

--
-- Table structure for table `categories`
--

DROP TABLE IF EXISTS `categories`;
/*!40101 SET @saved_cs_client     = @@character_set_client */;
/*!40101 SET character_set_client = utf8 */;
CREATE TABLE `categories` (
  `cate_id` int(11) NOT NULL,
  `cate_name` varchar(45) COLLATE utf8_unicode_ci DEFAULT NULL,
  `description` varchar(50) COLLATE utf8_unicode_ci DEFAULT NULL,
  PRIMARY KEY (`cate_id`)
) ENGINE=InnoDB DEFAULT CHARSET=utf8 COLLATE=utf8_unicode_ci;
/*!40101 SET character_set_client = @saved_cs_client */;

--
-- Dumping data for table `categories`
--

LOCK TABLES `categories` WRITE;
/*!40000 ALTER TABLE `categories` DISABLE KEYS */;
INSERT INTO `categories` VALUES (1,'Action game ',NULL),(2,'Adventure game',NULL),(3,'Strategy game',NULL),(4,'Simulation game',NULL),(5,'RPG game',NULL),(6,'Hardware',NULL);
/*!40000 ALTER TABLE `categories` ENABLE KEYS */;
UNLOCK TABLES;

--
-- Table structure for table `customer`
--

DROP TABLE IF EXISTS `customer`;
/*!40101 SET @saved_cs_client     = @@character_set_client */;
/*!40101 SET character_set_client = utf8 */;
CREATE TABLE `customer` (
  `c_id` int(11) NOT NULL,
  `fname` varchar(45) COLLATE utf8_unicode_ci DEFAULT NULL,
  `sname` varchar(45) COLLATE utf8_unicode_ci DEFAULT NULL,
  `c_address` varchar(45) COLLATE utf8_unicode_ci DEFAULT NULL,
  `c_email` varchar(45) COLLATE utf8_unicode_ci DEFAULT NULL,
  `c_phone` varchar(12) COLLATE utf8_unicode_ci DEFAULT NULL,
  `c_dob` date DEFAULT NULL,
  PRIMARY KEY (`c_id`)
) ENGINE=InnoDB DEFAULT CHARSET=utf8 COLLATE=utf8_unicode_ci;
/*!40101 SET character_set_client = @saved_cs_client */;

--
-- Dumping data for table `customer`
--

LOCK TABLES `customer` WRITE;
/*!40000 ALTER TABLE `customer` DISABLE KEYS */;
INSERT INTO `customer` VALUES (1,'chalin','yota','jj','jj','jjj','2020-06-04'),(2,'jawalin','Khonthai','123','jawa@g.com','12344','2020-06-02'),(3,'jawalin','Khonthai','123','jawa@g.com','12344','2020-06-02'),(4,'ggg','ggg','gggg','ggg','8765','2020-06-03'),(5,'ggg','ggg','ggg','gggg','8765','2020-06-03'),(6,'Taky','Suranee','123 wall street','ta@h.com','44792','2020-03-22');
/*!40000 ALTER TABLE `customer` ENABLE KEYS */;
UNLOCK TABLES;

--
-- Table structure for table `get_order`
--

DROP TABLE IF EXISTS `get_order`;
/*!40101 SET @saved_cs_client     = @@character_set_client */;
/*!40101 SET character_set_client = utf8 */;
CREATE TABLE `get_order` (
  `sort` int(2) NOT NULL AUTO_INCREMENT,
  `p_id` int(11) NOT NULL,
  `order_id` int(11) DEFAULT NULL,
  `quantity` int(11) DEFAULT NULL,
  `price` int(11) DEFAULT NULL,
  PRIMARY KEY (`sort`),
  KEY `fk_get_oder_product1_idx` (`p_id`),
  KEY `fk_get_oder_orders1_idx` (`order_id`),
  CONSTRAINT `fk_get_oder_orders1` FOREIGN KEY (`order_id`) REFERENCES `orders` (`order_id`) ON DELETE NO ACTION ON UPDATE CASCADE,
  CONSTRAINT `fk_get_oder_product1` FOREIGN KEY (`p_id`) REFERENCES `product` (`p_id`) ON DELETE CASCADE ON UPDATE CASCADE
) ENGINE=InnoDB AUTO_INCREMENT=19 DEFAULT CHARSET=utf8 COLLATE=utf8_unicode_ci;
/*!40101 SET character_set_client = @saved_cs_client */;

--
-- Dumping data for table `get_order`
--

LOCK TABLES `get_order` WRITE;
/*!40000 ALTER TABLE `get_order` DISABLE KEYS */;
INSERT INTO `get_order` VALUES (1,21,1,1,1499),(2,2,1,2,1000),(3,21,2,1,1499),(4,21,4,1,1499),(5,2,4,1,1000),(6,2,5,2,1000),(7,29,5,2,499),(8,13,5,1,1200),(9,21,5,1,1499),(10,9,5,1,1699),(11,14,5,2,2000),(12,3,6,3,2100),(13,7,6,1,169);
/*!40000 ALTER TABLE `get_order` ENABLE KEYS */;
UNLOCK TABLES;

--
-- Table structure for table `orders`
--

DROP TABLE IF EXISTS `orders`;
/*!40101 SET @saved_cs_client     = @@character_set_client */;
/*!40101 SET character_set_client = utf8 */;
CREATE TABLE `orders` (
  `order_id` int(11) NOT NULL,
  `c_id` int(11) DEFAULT NULL,
  `order_date` date DEFAULT NULL,
  `ship_id` int(11) DEFAULT NULL,
  `ship_date` date DEFAULT NULL,
  `ship_type` varchar(10) COLLATE utf8_unicode_ci NOT NULL,
  `total_price` int(11) DEFAULT NULL,
  `bill` blob DEFAULT NULL,
  PRIMARY KEY (`order_id`),
  KEY `c_id` (`c_id`),
  KEY `ship_id` (`ship_id`),
  CONSTRAINT `orders_ibfk_1` FOREIGN KEY (`c_id`) REFERENCES `customer` (`c_id`) ON DELETE CASCADE ON UPDATE CASCADE,
  CONSTRAINT `orders_ibfk_2` FOREIGN KEY (`ship_id`) REFERENCES `shipping` (`ship_id`) ON DELETE CASCADE ON UPDATE CASCADE
) ENGINE=InnoDB DEFAULT CHARSET=utf8 COLLATE=utf8_unicode_ci;
/*!40101 SET character_set_client = @saved_cs_client */;

--
-- Dumping data for table `orders`
--

LOCK TABLES `orders` WRITE;
/*!40000 ALTER TABLE `orders` DISABLE KEYS */;
INSERT INTO `orders` VALUES (1,1,'2020-06-02',2,'2020-06-03','EMS',2549,NULL),(2,2,NULL,NULL,NULL,'EMS',1499,NULL),(3,3,'2020-06-02',1,'2020-06-03','Register',NULL,NULL),(4,4,'2020-06-02',2,'2020-06-03','Register',2529,NULL),(5,5,'2020-06-03',4,'2020-06-04','EMS',7947,NULL),(6,6,'2020-06-03',2,'2020-06-04','EMS',2319,'\0JFIF\0\0\0\0\0\0\0\0		\n\n	\n\n\r \Z+!$2\"3*7%\"0\n\r\r\r\"	\"\r#\0V\"\0\0\0\0\0\0\0\0\0\0\0\0\0\0\0\0\0\0ǝ@:\n@(JR7JlI@>Ol|(P*\n\0\0\0`--\0P(e\n@QA@\0(\0\0\0\0\0@re(\0(\nBP(*(\0 p\0\n\n\0@)@((\n\0\0Poc\0\nP\nP\n\0\0\0\0\0\0\n\nPP(\0,(\0\nTT\0#\0P\0B\0(\"\0\0\0@@x;{\0((\n\n4\0.\\mQEB@V)T\0,C9@*(P\n\0RE\n\0XP\0\0@\'RP@\n\n\n\0PP\0P\0A(oc@\n\0P\n\0\0(lr>u=|{|m\n\0QA@J@\0\0\0\0BB)v9J/_{_\'yK9\n\0*\n\0\n\0\0(T!e *?韪wW<O~\Z*V]*iU(\0 \0\02̙w=9j;}ʿ?<\nAAB*\nҚhڥYV,(e߾gcA߻_\04\0W|k@$ d\0h(Q%PERBZӭ0+ZW?P(,(\n\0\0\nJ!\0 9e>FP\0\nP(dEEgcl(\0TR@@P(\0P(@E\0\0,$, 3D(\0P(\0,P*P\"\0( \0T9ݝmQP\0\0(\n\n\n\0RH\0\0\0@TAlst_R(((QB\n\Z\nKSXRQ\0,u$69\0,P\0e\n@(\0E\0\0\0\0\0!s\0TP\n\0(E\0UJ%J\0\0\0\0\0@%9ݍu\0P\0(\0(%P\0P\0\0\0\0,ls\0*(\0\0\n\nBʋ\n\0\0\0\0\0E9}\0(\0(@\n\nŔ\0P\0\0\0\0\03Q?P\0T,(@\0\0\0\0\0$69?)(КU!7AlH`.\Z\'ˌTGSǂ\0@\0(\0\n\0\0\0aQ\0\0DH<B\0\0Y@QBP\0YbK\n	R%\0Ǆ\n\0@(\n\0\0PP\0% \0\"Nw_cQ*\0\0\0\n\nA@	@\0\0\0)xh\0\0\0\0U*\nD@\0\0\0\0\0,+X\0\0\0\nQBU\0(@\0\0\0\0\0\03xr|%\r$h\Z&>APgF((P75L5r\"h2da;\0\0\0P\0U\0,P(\0\0\0\0\0\0@%<T\0\0P\0%,X(\0\0\0\0\0\0\0\0 x\0\nJ\0P%\n\nJ(\0\0\0\0\0\0\0  o_dk~/y{}\07XEe\0PPXP\n\0\0\0\0\0\0\0@lBO\0D{ߧr\0\0,P\n\0\0\0\0\0\0\0\0B\09}>O\0<_}o_E\'y?n*P QJP@\n\n\0A(C\0&S8z0|߳}SC_[j\0e(UK$im*jUZQjڶ4)$HXs㡯/xG~ߺ,\0[|u\nҩVZjTV(P`\n,Jsx>kԀ\0\0@\0\0\0\0\0\0\0$\0G7|\0AD((\0\0(\0\0\0Q\0\';GP(,J\0	@\0\0\0YR\09m%\0B\0\nP\0\n\0\0\n\0\0E\"\0s{Z\0\0\n\0Q@\0(\0\0YP\0\0D(T\0h(PڀEZ\0U\n\0 	FqG?J\0\0P\0\0\0R\0Rʊ\0X)\0\0\0@6O0\0PJE\0\n,\0`\0\0\0X뇒@%\0M!@\0\0\0\nJ\0\09pK\0	@P\0\0\0\0\0\0ǒ\0\0P\0e\0@\0J \0\0(P	`\0\0C<\0\0R@P(\0\0\0\0B\0\0\0\0@\n\Zȭ\nP\njAaB*EZJ	4D\0D#פP\n\0HPU\0\0T\0\0E\0\0%;y\0K(\0e\0\0\0R\0\0,T,QPP\0(tO9@@\0XP\n\0*Z\0\0Y`,X\0K*\0\0\0\0@\0\0,(%!ADX	A\0\0\0t<\0\0\0(\0P)\0\0D\n \0@\0)lz\0\0\0\0\0\0\0\0\0\0\0A<=ΣE!@*j-B\rĥE(.6\0P R(\0\0(E\0\n,\n*,*\0\0\0C(\0\0,XBED\n,`T\0\0;\0\0(\0\0\n*\n\"\0\0(\0\0\0<_θ?l}/;i*\0E\0*()*T%@\0T,X\0\0>\0?+ϮW~o?W,*\0P(@	TAQH\0\0\0\0\0wSD:\0S\nk&J\0\r\0RMb\rCjPct.HB2Lbe;|\0c>ϟnYiVҕ[iZXFTVкjh-.Y܈VhF7|}_\0IϠG>_/TKeJ,\0(6@\0(Ae\0\0\0\0\0?|ü}8\0\0\0\0Yb\0PT,,,\0\0O[\0\0\0P\0(Te@(@\0Q\n@,\0\0OX,\0\0\0XJ\0\0T K\0\"R\0\0O\0\0\0J\0\0\0\0XKA)*@\0Kd\Z\0\0\0P\0\0\0\0\0%PBIHKcΰT \0P-ER\n\0n \0k4\\i\0*+ή(\0\0\0\0\0P\0P\0\0\0*(\"\0Ǟ\0\0\0(Y@\0b\0\0	@EX(%%\0KcI@\0\0)(\0\0T\0\0@\0X)@\0s{\0\0\0\0\n\0\n(H((T\0\0\0\0;\0\0@\0H,XR(J*(\0\0\0\0\0\0\0\0%E`\"Z\rBh͐IA\0&u*FteoWC?\0(B\nЊZЅ\n\0\0\0U{\0\0*P\0*\0J*),P@\0\0\09=\0\0E\nT\"X@ \0\0\0\0\0\0J%\0\0TQ`H\n@\0\0\0<\0\0\nITX%,\0\0(\0\0\0\09=\0\0P\0\0T\Z%\0T,\0\0\09=!	@@:Qj2$Q\0B\0@JRtj<<<(Ui@@)Jik:D\rE\0ҹj>P\0(\0, ,\0,YD*\0\0\0\0g[C\0\0\0E\0\0U\0YB\n@\0\0\0\0\0\0\0uv>\0\rd[!ERŊ\0@,P*\0\0\0\0\0u\0}c.?Og\0}O\'\"\0\"\0P)\0\0X\0\0\0\0	g/0W/,\0@\0P%*X\0\0\0\0\0J޽\0/7\0\0\0>)o h@ehE@#$g^þ\0~q;kן#J@U\ZP4ViѠQCJPR\"\0! \0g^̾\0?nJ*\0\n%\0(\"\0\0,\0\0\0\0\0νzzk/~\nQ\n\0\0)eJJ\n\0*\0\0\0\0sz|\0\0\0)D\0BQ@%E%\0\0\0\0	Rʇ7G\0\0((\0\0	D@T\0\0\0\0\0Au\0\0X(\0\0\"\0P\0\0\0\0\0!yPH@BJ\")meDǭFBLS6u\0-d\Z ʆ$Yw^=᪫mh(P\0XT\n,P*!P\0\0PCQ\0\0\0P)\0@\n\0\0\0\0\0\0s{y\0\0@	@\0\0\0\0\0\0\0u(\0e\0\n \0\0\0\0\0(% P\0\"\0a`\0\0\0\0\0\0*\0أ@\0\0\0e\0\0\0T\0\0\0\0\0\0\0	Q@C!\n!(\nV-))a\nHɼ0( |wb=(\0\0(YXAb\0\0\0%\0\0\0\0/;G\0\0\0e*T\0\0\0\0\0\0\0\0 X\0\0\0%(Հ\0\0\0\0QR4\0\0\0\0\0\0\0\0\"` \0\0\0\0\0\0\0,R@\0\0\0\0\0\0R \0\0z\0\0\0\0\0)Qe\0\0\0\0\0\0\"BP@K\0\0\0of=\0\0\0\0\0\nPJ\0\0\0\0\0PJ@\0\0s{4yxy@U\0( \0)7T\r\'Hvh5\0\0\0B((P\0AP\0\0\0\0\0\0z@\0\0\0\0\0\0\0 \0\09ݚ<DT@\0\0\0\0Yb\0\0a`Q(j:I\0\0@)(\0K\0EB\0	DPvan\0wokL|`T\0\0Q@	D,(BX\0\0\0\n \0\"9ݪ<XO_77o~?{?j$BQ\n \n\Z\0K\0ɼC6յ+CڣT}oٿl?9\0tʟ\0J@!)(RR\0)hPT\"ITm?{(O?>\'M~iM\nl(-@D(P4*42L0P\0sTyϿ0?g??SҢJ\"\0%\0 \0\0\0,\0H\0\0%r}__?]W X(\0\0 \0\0\0\0\0\"?G,\n(,\0R\0\0\0\0X\0	@`%^gn5\0,(@(\0\0TT,\0\0\0\0\0(BR	AQ\0\0HBTP\0,\0\0\0\0\0\0PMmP3\"FM4ȅ!\nH$wn5j\0B\n\0\0\0\0\0\0\0\0)\0\0\03	(\0\0\0\0H\0\0\0\0\0\0Y`\0E((YR\0\0\0\0\0\0\0	b \nEKP `T\0\0(\0\0\0\0YB,*RX\0J@PCۣˠ)(\0P,YQ`\0K!PQ\0J\0Q\0\0\0\0\0\0\0\0\0\0\0 \0 wr.h-Tj\Z\ZQD()E+-2dD>ܣˠj,\0\0KD\n\0J%\0\0\0\0\02G?G\n\0\0\0J\0R\0\n(\0\0XP@\0%r-\0\n\0\0\n\0*R!D*,\0\0\0,( ,GG\0a@%EKX`\0(%	D\0r4QB(%\0%`\0 \0\0@\0\"dP\nJ\0	@\0\0\0\0%\0<<<\\JiE2TE@*\0\0\0-!\"\0ɏݣJ\0\0\0\0\0\0\0\0P\0T\0	R(\0R(\0J\0\0\0\0\0@a@\0DR\0@Ov4\0\0b\0\0\0\0\0%\")*TRE \0  G(I}~/sq\0\0(\0\0\0\0JE\0O揹}?\0J\0\0\0\0\0\0!H Dx{yH~sWھ\0?͟|fba\0@ \0@\0\n\0]omߓ룤x{y@W=nf|\0\0e_\0\0R[\n\nBP\0QU\0P꾴<<s럏Oq\ZnjuE*ZQE!@Rd`2\\\0)fg>,3x{y>gb蟚\0AQ\0*\0\0\0@@\0JK\0\0H@w@<NCY\n\0\0(\0\0\0\0\0J\0\0\0  \0A\0HGG\0\0\n\0\0\0\0\0J\0\0\0P\0@D#ޣ\0\0,P\0\0\0\0\0@\0\0(E%@\"怨*P(@\0@P \0\0\n@~4/Im2BP\0\0(\n\ZdR\"))Xߣ͕(\0\0\0\0\0\0\0\0 % ,\0\0\0\0@x{y\0e\0\0\0\0\0\0J@\0\0\0\0D\0@D$f\0\0\n\0\0\0\0\0\0@\0\0\0\0@@\0h\0\0\0\0\0*,\0\0B\0\0\0\0BR\0	\0Dgߣ(,P\0\0\0YI@\0\0\0T\0\0\0@HχG)@@\0\0\0\0\0\0\0\n B3<<<͆P\nH\0\0B\0\0 @  σI!\0\0\0\0(\0\0\0@%\0	@@X@ B\'<H(P\0`\0\0 A==W	h\0@@(XA4~O/lԱ4.h\0P\0*((@\0`@\0PAOWC\0Ͳ,(\n\0@ 	e@\0\0 [\n@\n\0\0\n@P \0%\0\0 @BLv\0\0\n\0\0\0\0X\0\0\0%C`\0(@\0\0\n\0\0\0T\0\0\0@ \0\0\"\0\0\0\0 \0`\0\0\0\"N\0e\0\0\0\0%\0*\0  B*>\0\0\0X@\0\0\0\0\0\0!O\'|\0\0\0J\0*P\n@\0$ A\0J@\0@ \"/aIID\0\0TK*ňHXAb\0YQ3rB%,^NE\0BR`HjD*K$ZDX$DIiLS:))J6*Ő,ͺb\n.LI\ZM\".]#0M\\ɘȉY,{?F>f\ZhIZA&	Pf3R)ucY	$DHJE~ob,DdR\0 JrA+\"\"	H@%3OȾ*@\0\0P( b,XJ%@,@\" Oj}c\n\nPT*PPB@BHQ(\0-B(!Be\Z@J	@	H\0\0\0\0\05\"2,*-YcYZMV\ZefIcg\0\0\0\0\0\0\0\0\0\0\0\0\0\0\0\0\0`\0\0@\n\0 \0\0i:u1\0\0(\0\0\0.s \0\0\0\0\0\0\0\0\\\0%P%\0\0\0.2P\0@\0\0\0X\n\0\0b5ې\0\0\0\0\0()@X\0X\0\0Xliʬ\0e\0\0@*TF#[1b\0\0\0\0\0\0#Z\0\0\0\0X\0\0\0V#ZE\0\0T\0\0\0\0\0b5\0\0(\0\0\0\05\0(\0\0\0\0\0h\0\0\0\0\0\0\0\0VcZ@\n\0\0\0\0\0h\0AD\0\0\0cZ(E\"P\0\0\0X	@PbU!ր \0\0, \0`)@\rhX\0\0K`%d\0\0\0cVc\0\0\0\0\0`\0P&YZJ	D\0\0`\"\0\0\0\0\0\0\0f.\0\0\0$\0\0\0\0.@\n\0\0\0\0T \0\0\0\0\0Z.T@\0\0\0\0\0Z.,\n\0\0\0\0\0\0\0\0(P\0(\0.X\0	\0\0\0\0\0\0.\0 \0\0\0\0\0\0@\0\0\0\0\0\0	X.\0T\0\0\0\0\0\0jK,\0\0\0\0\0\0\0.K\\`\0 )\0\0\0s.Ys\0P\0\0(RP\"3jT*\n\0\0\0\0\0\0.!5*\0\0\0\0\0\0\0\0\0B%\0E$B\0R\0\0\0\0H*HH\0\0\0\0\0\0\0.aID\0\0\0\0\0\0\0E\"E\0\0JbR)\0d֒K\0\0\0\0\0\0\0F!D\0@\0,\0\0\0\r.\0*(\0\0\0\0KDQ \0\0\0\0\0\0\0\0AXD\0\0\0\0\0\0\0d\\	QB\0\0\0J&.KqbYADRŀ\n雠HX\0\0\0\0\0\0h`%H\0\0\0\0\0\0(P`AbY\nJP\0H\0\n\0`Z\0\0\0\0\0\0\0R`\0\0\0\0\0\0)@bP\0\0\0\0\0Q``A\0\0\0\0\0Hb%U@\0\0\0E,\0\0\n@\n\0bR\n	e\0\0\"X\0\0\0\0@\0\0f.M) \0\0\"\0=9bU\0\0@\0@@JY`X\nTU,(Y-e\0BR`(Y@\0\0f.*P\0\n\0TQK\r\0\n@\0\0\0$X\n(\0\0\0X\0\0\0 P\0\0\0\0\0(E\"H,PP\0\0X\0\0\0\0\0\0\0\0\0\0Y@8\0\0\0\0\0\0\0\0\n\08J\0\0b*K@\0	H\0\0\0@Y\0%\0\0\0\0\03ӝZ\0e@\0Jb.M,\0\0\0\0X`5X*P\0\0(\0\0\0\0@\0\0\0\0\0\0BP\0T#[(\0\0\0\0\0\0(\0\0\0\0\0\0\0b.P@\0\0\0,(,Pb5,\0PNsu(\0T\0\0@\0#8 \0\0\0\0\0\0s@\0\0\0\0\0\0\",Yt\0K\0\0\0\0P\0P	˥\0\0K\0\0Psý\0\n!R\n\0ƥǗ(\0\0(\0X\n%,)9y\0\0%\0\0,`\0\0\0\0\0\0\0\0\0\0\0\0\0\0\0\0\0\0\0\0\0\0\0\0\0\0\0\0\0\0\0\0T\n\0\0\0\0\0,`D\Z\0\0\0\nQe@X1a@\n\0P,\0\0\n͚\0\0\0\0XX(	P*dJ\0\0TP\0@]K\ZJTH(\0\0*YEYiX\0\0\0D&m&MVX*\0e\0\0\0\0\0PT*P\0\0\0U$\0\n\0PX\0\0\0\0I((XJ\0\0\0\0Aa@BRP)(\0\0\0\0\0(	bR@\0\0\0\0\0 \0(\0\"\0\0XD\0\0K\0\0\0\0\0\0\0ʁ@\0\0\0\0\0\0@*A@,PPXT(Q\0\0\0\0	@\0\0\0\0D \0\0\0\0\0\0\0\0u\Z\0\0\0\0\0\0\0\0QrXn\0\0\0(\0B(\0\0\0\0\0\0\0Q\0\0\0\0\0\0\0\0\0\0B*T`R,\0,\0\0\0\0\0\0\0\0\0\0\0D\0\0\0\0\0\0\0\0\0\0`\0\0\0\0Be	@\"ʅ\0\0EKX\0Q\0\0\0\0\n\0\0`\0@\0\0\0\0\0\0\0\0Q	bJ((@\0\0\0\0\0\0\0\0\0J\0\0\0\0\0\0\0\0BEQ(\0	@\0\0@\0Uԛt\n\0\0\0ʔ3CR,\0\0\0\0\0\n\0Q\0\0\0\0\0\0A\0@\"J\0\0\0J\0\0\0X\0\0\0\0P`@\0\0\0\0\0H\0\0A(\0\0\0\0\0D(\0\0\0@(eQ\0\0\0\n\0\0\0\n \0@\0\0P\0\0\0\0(E%\0\0,,\nRD\0\0\0*\0\0\0\0\0\0Q\0\0\0X\0\0\0 \0D5Q \0K,Yl,*`UԚb\n\0X@\0R%3B@\0\0\0D\0\0\0\0\0(\0\0\0D(\0\0*,(,\0\0\0\0\n%B\0\0\0\0@\0\0\0\n\0\0\0\0\0Q\0\n\0\0\0\0\0\0\0B\0\0\0\0\0\0\0\0\0\0\0\0\0\0\0\0\0D\0\0\0\0\0\0\0(\0P!@BH@\0\0\0\0\0\0\0\0\0\0\0\0\0\0\0\0\0D7A3SP\0\0\0D\0-Q\nb( \n\0\0D*T\0\0\0\0\0\0\0\0\0Q\0\0\0\0\0\0\0\0\0B\0*YHR)\n\0@Q\0\0\0\0\0\0\0\0\0\0@\0\0\0\0\0\0\0\0\0BP	B(J\0\0\0@\0\0\0\0\0\0\0\0\0!\0\0\0\0\0\0\0\0\0\0D\0\0\0\0\0\0\0\0\0-(\0\0\0\0\0\0)\0@\0\0\0\0\0\0\0\0\0\0\0\0\0\0\0\0\0\0ZCxX,\0\0	aP!V:bHBRPJE\0eĚ\0\0\0,\0\0\0\0\0+i\0\0\0\0\0\0\0\0\0\0AHl\0RRT\0,,\0$j\0\0\0\0\0\0\0\0Z@\0\0\0A\0\0\0\0\0\0\0\0\0\0	Q@\0\0E\0R(P\0\0#h\0\0\0\0\05`\0\0\0\0\0\0\0\0\0\0\0\0\0\0\0\0\0@j	@\0\0*)\0\0\0̀\0\0\0\0*)\0\0\0K\0\0@EBR/\\	`B!b%,-X,*P@P%%J@\nP\0\0\0\0\0\0\0\0\0\0?\02\0\0\0\0! $1p\"%024A#3@P`BQq\0\0.r/b/b.b鋦.b鋦.b鋦.b鋦.b.b鋦.b鋦.b鋦.%D%.tK.tK_1tK_ľ%/|K_D|K]D%.tJ*TRJ*TtJD%K]D%.tK]D%.tK]Dk\\4>+BO!SC+ۣޢ[KzoR-EH\"ޤ[ԋzNS\"ޤ[ԋzoS)u2LS)u2L3gϹs>}3G2LR>WEz^W%z^]J]wP.ߗ/ߗ/~^{2=2=2=2=2=/zdxdzdzdz^{GKޗ/z^{K/x^{ޗ/x^{/z^{Kޗ/z^sK=/z^sK=.|\\sϋ>.|\\ʿ=yL\0?>*BO!Y#d\"ؒ$!QY%\nhizIH#*HqQDؓzY$!Ţqi$eiO|W::T#NRFHͮ$=5xȮ\nJjF^OgUIQJefJE:Є	dzRTђ	#\"pɐ_Ɯ[s,\rvN,ZLiPPaA19\' }17؜}bo7؛M&}bo7M&ubn7XM&qbn17MF#mbm26LF#idm26,F3efl6YLf3edl6,ͦf3ifm36Y,͖f3efl6Y,͖f3efl6Y,͖f3efl6YL͖f3efl6Y,ͦf3efm36Lͦf3idm36lf3mdn27F!5VKO!T\0$åIDgWտ!ҿ8\0jD}a)cv;cocñǷoc÷v;cv;;cv;cv;cv;cv\0÷tC??$=Ǔ\\h!k4a\0)Γ41 БE2k3#Ubj5MV&Qbj15MF&Mbi4ؚlM6&Ibi04X\Z,\rE`h4X,\rA`h14\Z\rAbh14\Z\r&Abh14\r&Abh14M&Abh14XM&Abh4X,M&Ebh4X,M&Ibi14\ZL&FIdi24\ZL&F#Idi24\Zl&F#Idi24\Zl6F#Mdi4\ZFF#U$\'-\'䇸E3!d|1NivJa	ش[I!k5O\0\n!SC!ԕf\0@gP,@uΠY:gP,@uΠY:oP,@uΠY:gQ,%@ޢ[zoQ-Dޢ[\nu@Q)JuDQ)Ju@P)\nu@p>}p=y^zמ=y^zמ=q\\zǮ=q\\zǭ=i\\z֞=qJ=(ҏJ=(֔zQG(xQOZz֞(zQGzQG|ZkŏKxKO$y|T>*SB)!J{C+6?111,~Xc?,~Xc?,~Xc:c?,~Xcŏ>,|Xkŏ,|Xků_>,|Xkŏ>-|Z⏋_-zZ⏋_-zZkҏJ=-zZG-xZҏ^-xZG\n<(ke^-vZke]-vZkE]-vZGe]-vXke]-tXcE91111.b\\ı,#,ȧ>*SB)!J{C=!RjJцooooooooo>1,|Xc友>,|XcǥLoKޖ<,zXcǥ<,xXcǅݖ;,vXcǅ<,xXcf7e:11,tXcE:,tXc%K9,rXc8,pXrk,\\rk1cXƹrk,Xb勘1Xs\Z5k1c\\Ʊc5LJ1*bPġC3f0`Keʧ>*SB)!S44^?iW]&QY51NHYzX2,&edA;I\n<\"؟*{Cu7^FlsˑIcX!	a,:Q:\\#zJɬ5XYQjFUOC	ccB1w_ㇸ17RK/TN1Io),Kӑ9z3*IȄJhN$zZSE\\t\\!Ylj4\"r,E39&g\"Y#fr,Eȳ9g\"Y3fr,Eȳ9&g\"Y3frMI49$Chr-I49&$ChrME49\"ChrMI49&$Sjr-NEȵ9\"ZSjr-NEȵ9\"ZSjr-NEȵ9\"[clr-Eȶ9\"[snr-Eȷ9\"snr\rA79A@9A@9A@9A@9E@9AD9EHR9$I3L9$NC98ɜ*paJY~D!QJFv\rAwO\\0Y	/<j\n;V\'b;cv;v;\nV`V`V`V`V`V`V`v+;cV`V`v+XVcv;ج`v+`VcoǷw;LRbT/!HXԂ:Е$:T#J.2ťVPV3\\>L\rL\rL\rL\rL\r\rL\rL\rL\rL\rL\r\rL\r\r\r\r-----MMMH1 b@ā$h1c@Ɓ\Z%,DƉLh$Xb%\"XbE$XbeZjEZjeZjeZje[!l$)!I\nHRB$))IJJRRIIJJRRIIIIOOOONcv;cԯSBX9k<i	:VJHR)m=Izɔϙ{C_J{C=!RjHU<NNNOooooooooooooonnnnnnnnnnnnNnNNNLNLNLNLNLNLNLNLNLNNNK181.b\\Ĺc%K1,bXıc%K1*bTĩS%LJ1*bTĩS%LJ1*bPġC%J1(bPġC)S1Nb9s)S1Nb9s)S1Lb1c)S1Lb1c)S1DLQ1DLQ0	`0 `!C^C]3]3]#]/2Oy|T>*SB)!J{C\"Fa\\¹s+V0a\\±c\nL*U0aT©C\n*T0aP¡C3g0a9s3f0a1c3f0b1cL3ba&(b&(b&(ba&(L&	&(&	a0L&#	a0LF	a0L&`a`aS$0H`!3]3]#]#]#]]]Y2Oy|T>*SB)!J{CҘ\'0(`PC\n0(`PC\n0(`TS\n0(`PC	\'0L`1c&5`0\Z湮`0`0`00@0J`	L0J`S	L$0H`!C	L$0Ha!C	d0H`!C$0H`!C$0`!Cf	0&`L3f	0$`HHnk75͍fe=!ROy|Td?*I	#Dc%]\\XuWS`_E\'Ɣ\r^JK QuJ{CuE,%BV-%^Lc\n	*i9:T:DYVTY3=\rcK9#;aT_ΜEmHs%,J)̊R|ΜʒOѕӗ~ˊKHFF#vy&RI<Ҝ)!r))Jr+)r+NV+NTNR*r(r(r(r(r(r(r(r&rg&rg&rg&rg\'ɜNR\'&r98ɜNN\'\'rq99NcDrS%1Lrs\'9rs\'9NrS#9rS#1r3#1r3%9NrJ#9Nr3#9r3#9rJ\"(r3$(rJ$*rJ$*rK$,rK$89\'\"䜜Oy~NΞ\Z3NI猏$FznP5QQ4KQ$[,)VR\'}E&)1ILRb&)9Ig-峖[9l峖[9j*ZjXb*Xb5Lk1cXƩc\Z5k1cXƱc\Z5k1cXƱc%K1.cXĹs%K1.b\\Ĺs%K1.b\\Ĺs%K1.b\\Ĺs+0b\\Ĺs\'\'+\\\\W0apapapap`p`p`r`r`r`r`r`r`rk5\ZwFYѬtk:5\Zgg*VJ/\"KVXbIRk=XI\'Ora,fnwQROR+RJ*TRJ*TRJR|*W\0N?\"qMEz{&\07ٴ<Ut]=E\\\n)LJ{ZPO\nxv;cOOJV_2j%\"UUUUUUUUUUUYUUUUUUUUUUUUUUUUUUUUUYUUUnj5[fsUnk75fsYnk5ۚfs]nk5ۚvs]nk5ۚvs]nk5ۚvs]nk5\Zvƻcs]̧\'j{Z|VIZ;y{xv;cv;cv;c}\'VSIIXVRJVRIYJVBe+)YOJ}%e+)d+)YJVRd+!Y\nVBed+!Y\nVB&\\zEɗ&\\reɗ&^zE^zEy$ɨjj5ZMVSUjj5Z\Z\rVCUhj5Z\ZMVCUhj5ZMVCUhj5Z\Z\rVCUhk45\Z\rfCYhk45ښMvS]jk5ښL\rMv&&&&&&&&&&$MHOy>+S?O=Oy?/cv;}\'}%e+)YJVRe+)Y\nVBH\\reɗ&\\reɗ&\\reɗ&\\rEɗ&\\rE$\\rE&\\rE$^zE$\\rE^zE$\\rE^zE藤^zFDL2\"dDȉz%藢^\"&DL2\"dDȉ\"DL2\"dDȉ\"&D2 dDȁ*TP2e@ʁ*TP2e@ʁ*TP2222222ene@ʁOBtVVf3Yfk35ff3Yhk45\Z\rfC]hk5\Z\rvC]j`j`j`j`j`j`j`j`j`l`j`l`j`j`j`j`l`lalalalalalanananananananbnanbnbnbnb@ā$H1 c@Ɓ\Z4h1c@Ɓ\Z&4Lh1c@Ɖ\Z&4Lh1cDƉ\Z%$cH\"ċ,Hċ,H\"ċ,H\"-L\"R-L\"ċ,H2ċR-H\",L2S-L2S,L\"S-L2S,H\"~OOOB!n5h}eWBViRyX:]ѕQ~5c|Z<<ݤ#\'Ws,E8|\"!T$(t)P!Һ\"HFx4HydVH<#2+TS	ܼ\'/J~WR;]$p7~$V5M4H!ک! I\"iA43J:x\'3ȟ |o7M}|o>7ύ}|o>7ύyzo=7Myzo=7^Mצuzn7^\rצuxn7\rǆqxn<7\rǆqxn<7o\rǆqxm6o\rmxm6nͷf۳mٶvm6Nͧfӳiٴvm;6Nͧfӳiٴvm;6Nͧfӳiٴvm;6O\rfӳiٴxm6o\rmxm6o\rmCʧ!)ҡ,\Z0^IUAI&m4`_Ht%$;hGSΞA|q=Ǿ8{ӏzqN9=8㞜sӎzqN9=8㞜sӎxq9<8sÎxq9<8㝜sxq9;8g㝜svq9;8g㝜stqΎ9:8gstqΎ9:8GstqΎ9:8GstqΎ998\'㜜srqN998\'㜜srqN998㜜srqN998\'㜜srqN998\'㜜stqΎ9ƺ8G\\stqΎ9:8Gy!:Q9\"\"3A6)EGRBRg޴NKE9q,\nHCS12\0Eļ\\0Ei<S׺\ro-QOB)HC?i|T!4Knflflflflglgjgjgjgjl536\Z\r\rCefl6Y,͖f3ifm36Lͦf#ifm36Lͦf3ifm46LͦCihm46M\rCehm46Z-\rCejl6Z-\rSejl6Z-cejl6Z-MSell6[-cell6[-cenll6P6P6[(-͖seeeeeeeeenl6[-͖sell6[-Sijm56MMSiiS㌲MDƉċ,H\"ċS-L2d(I\nHRS>>v\0⯍z>*SJ~OB)HC?i~9M8UMf3efm36Lͦf3ifm6m\rCijm56MMcinm76666666666666Q6Q6Q6Q6Q66P6Q6Q6Q6Q6Q6Q6Q6Q6R6R6Q66Q6Q66R6R66666666666R66R6R6666666666666666666666$6$3lHlHlHlHg)C<y6%3g))!)!!!!!!!̧!RSv;|.!!T\0>*SBEJSmhm6ڛmMcinm766666666S6S6S6d6d6d6e6`lفf\rlll&s`3l&x3<Lxg&xg&x3g<L31&y3gc4i3Lf1c4i3Lf1s4iә3NfʡC4i3(fP̡C2e3Nf9s4yә3Lg<M9l\r6 lJlHlHlllllUC\r~RJ!T\0>*SckU$\0Lu1`X:dE.a,M2^bfod$YRI_#ͺ]m>P֞Sa:;ff%e ZROH͖uTfncJVRd+!tɗ&\\reɗ&\\reɗ&\\reɗ&\\reɗ&^re&\\reɗ\\reɗ&\\zE&\\reɗ&\\reɗ&\\zE^reɗ&^zE\\zE^zE&^zE^zE^z%藢^\"TP2 e@ȁ*T̨[P22dDȉz%藢^zE&\\td+!YNc!:u! Q]I|zsS\ZhEWJ\\u\Zw;\nB\n@\n@\n@\n@\n@\n@\n@\n@HHHHHH))))(R R R R R R R R R P\n@\n@Rb;@Rcvvv;@v;@HHHHHr\0J^Y\0yyXGxB))|z&&ߴ]I)$O%<|Wa\"EXiZgŤqhZ\'Šqh[snq-ŷ8ccjqN158ƧcSjqN158Ƨ\ZcSjqN5Ƶ8֧\ZZkSjqN5Ƶ8֧\ZZkSjqN5Ƶ8֧\ZZkSjqN5ƴ8֧\ZZkSjqN5Ƶ8֧\ZZkSjqN5Ƶ8֧㚜sChqN958sChq=Ǵ8{Chq=ǳ8ٜ{3fq9ƴ8և\ZZkChqN5Ƶ8\Z[csnqb\"qbGŦqiZg!q8\\	al$fUghqd)C#BhvTUQCNߦUѤ4N	CYV5:s({,	dUb&IB|)?!/,\0<ĳ\0C̦\r06Mb&L3gT̩S2e˙\\\\]]/z^{>/|\\sϋ.z\\sK>.|\\sJ*K=.|\\sK=.z\\s⯊*sK=*s_z\\sJ*ү*⯊*_|z⯏\\zמ=yʿ*ʿ.|\\{̎̎LLL˙3,gT̩C<#XB>Y\0yyg!%B_Y\0yyg!%)>9jl3gPΩc2gW&WFWFWFGfGKޗ/|\\sʿ>}>}>zמ=y^zה~zמ=y\\zǮ=q^zǮ=q\\zמ=y^zמ=q\\zמǯ=y^zǮ=y^zמǯ=y^z⏏\\Q>(?(=yϸp>}P*˟?.~\\sLL̮LL!oB_YyHyg!%oR_YyHyf!M%3,fperetetdvdxdz^{˟~U^}ןp>S~QG_-|Zk友_-|Zků^-zZcǥK^=,zXkץK^=-zXcǥK=,zXcǥK=,zXcǥK,zXcץK=,zXcǥK=,zXcǅ<,xXcǆ7=,zXku@P>}\'Oz^W?.ߙ^]ecoR_YyHyf!\0DQIT&$tӅTf\\5hK$Z4eyHy;њN\'Ż\Z1]2:XP~:Ki\0|¯Ԥ~ьK9Ru7TigbNl2R_\nXֵW\04\0o<+E98MbM}19\' X#dr,I39&$ChrmMɴ96&ڜCjrmMɵ96&ڜSjrmNMɵ96&clrmMɶ96&SlrmMɶ96&clrmMɶ96&clrmMɶ96&clrmMɶ96&clrmMɶ96&clrmNMɵ96&ڜclrmMɶ96&clrmMɵ9&$ChrMIȳ9g\"Y#brM&}bn17F3eMCYRAg=;QQRq,3*rM<;N/RtcV`V`V`V`V`V`V`V`V`V`V`V`V`V`V`V`V`V`V`V`V`V`V`V`VJ\nV`V`V`V`V`V`V`V`V`V`V`V`V`V`V`V`V`V`V`V`V`V`V`V`V`V`V`V`V`V`v;cñR!AQCYښȭ)JuH+2IBI7\0R{owՓ7횩5i4ؚVF3Yā\Z&4h1cDƉ\Z%$XċR-L2S-L2S-L2ZjeZIS)!I\nHRBHRB2S)!I\n&RBe$-Le$)!IS-L2&ZjeZjeZjEZbEZjeZjeZjE$Xb&4Lh17170005045\Zff#Ubi14,M&bq928g\ZВXI$C7)/|.U#jY;hN߅f!\0$%AnoR_YyHyf!\0T)\0)aJ\'Oq)\nuޠZk777\'f\'f\'F&&\n\Z\Z\Z\Z\Z\Z\Z\Z\Z\Z\Z5k׉^&k\Z汬k\ZƱk\Z5h\Zƴ\rh\Z5k@ցZ\rh\Z5k@ցZ\rh\Zƴ\rcZk\ZƱZ\rcZ\rh\Z5k@5cX5cX5cX׉Z&Mx\Z\Z\Z555555555550,a\\¹Ʌщىc@DGJD%7)!%oR_YyHyf!\0\0\n4\nO\n(PB\n(PB\n(PB<(P4\0):G_=,zcxcvctbtbrbpa\\¹c\n0Nkk׉k汭Z\riMiMiMi\ri\rdddddTTMTMTMT\rT\rT\rT\rT\rVsUnj5[VsUlj65\ZVcUlj65\ZFƫsUnj75[FsQlj65\ZFsQnj75P5P5P5P5P5P5P5P5Q5Q5R5Q5R5R5R5S5S5d5S555555cX5x55550(`XщщٍczoP)Ju#G܈V7/J*TRJ*TRJuMXxD3\0_odhMO\0~?og>\0C؛})\0W¾&\0[J_\nW¥|*WƾJ_R|kR|jWƥJWRJT_\n+R5+R*TRJT_\n*TRJ*TRJ*TRJ*TRJ*TRJ*TRJ*TR\0r{TRJ*TRJ*TRJ*TRJ*TRJ*TRJ*TRJ*TRJ*TRJ*TRJ*TRJ*TRJ*TRJ*TRJ*TRJ*TqRJ*TRJ*TRJ*TRJ*TRJ*TRJie*TRK.*TRJ*TRJ*TRJ*TRJ*TRJ*TRJ*TRJ*TRJ*TRJ*TRJRJ*TRJ*TRJ*TRJ*TRJ*TRK*TRJ*TRbTJRJ*TRJ\0J*TRJ*TRJ*TRJ*TRJ*TRJ*TRJ*TRJ*TRJ*TRJ*TRJ*TRJ*TRJ*TRJ*TR*TRJ*TRJ*TRJ*TRJ*TRJ*TRJ*TRF<.2Kc1f3c14Lc1&hf&hf&hf&hf&hf1c4L3Lf1c4i3Lf1c4i3Lf1c4i3Lf9s4iә3Ne1s,Y̳g2e9s,Y̳g2e9s,Y̓g2Nd9s$I̓\'2Nd9s$I̓\'2Nd9s$I̓\'2Nd9s$I̓\'/9r/r/r/r/r.r鋧.r鋦.b鋦.b鋦iQ+cT5MST5MST5MST5MST5ST5MSX5MST5ST5McX5cX5MSX5SX5ST5cX5McX5cX5cX5cX5cX5cX5cX5cX5cX5cX5cXցk\Zƴ\rcXցZk\Z5h\Z5h\Z5k@ցZ\rcZ\rh\Z5h\Z5k@ցZ\rh\Z5k@ցZ\rh\Z5k@ցZ\rh\Z5k@ցZ	?\0\0)\0\0\0\0\0\0\0! \"`01@AQa2PpBR\0\0D\"aB!D\"\"\"B B! H B!D\"B     D\"AB!C	ߞIDQ(J%DQ$IDQ(J%D00<a000a000~WߕߕT!~\"d2C*ʲ*WeYC!d2C!d2Ud2*ʲ*ʲEY^WEz+^Wez+^W|G#hFiiiii,K%dY,K%,K%dz\'z%e%efYd̳,2̖K%dY=bn\ZF1ӕop00000<a?~Wߕ7}M^|o7\Zi,Yi˒_򾬾e~,3I??0LaզֿGԙX7BSd,}&;D!ʲ*ʲ*ʲ*ʲ*ʲ*ʲ*ʲ*ʲ(2)FSE:)NtSEN2(ʲ*ʲEz+Nt4ײ|?xZ9?ȬOGȞ#|4|>FK%iY==ODODODi,ODY,ODY,E-fK\'Yndz\'z\'z>FK%\0~Jrjs\0M_V_x08azaaapueY}Yzi4|i,Me7K%K%dY,K%dY,K7}Y}Y/08gaa00=՗Mi|C?/EJS/;>$VUeYVUeYVQeYVUeFQeFQeFQeFQeFQeFQeFQeFQeFUeFQeFUeYFQeYVTAӕ<qkgQ&F|4M4iiѤY=dOFdYdIfdY,螉螉K%dz%dY,Y,\\G􍕿߅\0/Laaaaaaas=pgya\0#WM75{/L0000?&yǆzaaag0a0/[>+rm,lM3b!~*TRQTUEQTTRBJ(PB\n(QE\nEDQETUEQTUEDUEQTUEQTUEQTUEQTUEP~.9>8߈d2C!d2C!d2ii\ZiiiiiC4M4M4Hd3O\0gayaaaaaaaCAA!G\01<G\0dI$I$I&a>p3$?	ss7SЗ.k,b<\0B9#||OG$r|GpGrGpGpG$pG$rG$rG$rG$rG$rG\'ĎHHHHO9#9#9>pGpGrG#J_:pLzEQQTT**B!EJ**R*A \nQB!DEQQTUEQTU * ?I%\0p?OߕL{x08g000_S~Wߕ7~]4M4M7ƛ|iitM4K7+oQ-951$Q0KI*J_%\'>$O$O$O$O$O%\'ܖ%-nKp[%-nK[%-np[ܖ%-nKr[-np[ܖIIDy\'y>\'x\ZPDӔ9Zm-*%y+TUEQTUEQB!D\"B!D\"B!B!!D\"*%9**/M4}M4M4Y,K%dY,K%dY,Y,K%dYiii4M4}_7}M^alaaaaaaaaa$VV~cdG HX=__<c=GAG#A   <AAA?AGx0A  #xAA<<=$]E.Et_..%t_Et_./t]Et]Et].\\r˗.\\r˗.\\rt]E˗EdYEdYEc\0)\0\0\0\0\0\0\0! 0\"1@`pABPQa2R\0\0bߡi_Ѧ4M}!Gf2iioXAG~RRvx*T^**/8TRTU~ϗ?o-0000008000000003O+oLsBnq9N\'og=_/OsIq	!Bq	^R*9/7)xRK_oC.D?\\>L0000¢00>0O>0*0**0¢***\0<SB!B\'K_]JR)JR_P!Bs9zg=oC)K/aJU)x)K/|hq>Qܼ6lEEEEEEEEEEEEEEEEEEEEEEEGdTTTTTTTTTTTTTTTTTTT?j/O?5eee)YYJVVR/VR+)J^)KW++) 30V;WkT xȹFiiiiii|iM7Jo\Ziiiiiiiiߓ\0Ǔ\\|********;\"***;v;bbإ)JR)N;Sv;SR	1p088s9d!###22>gBqFBqB22FB##o/80K龚_c93F5kxϴ\Zq?Fr\r3##4FiiiiiiiiiiFii{{\ZO\\vgfvgfvgfvgfvgfvgfvgfvgfvgfvgfvgfvgfVVvgfvgfvgfvgfvgfvgfvgfvgfvgfvgfvgfvgfvgfveegfvgfvgfvgfvgfvgfvgfvcwڬ+Qzo4ϭo3=8gB####!iB!BqBB!Obsfd0Fg_E◊RK&ga1:/cd}!\0y|r\rLάάάάugVu:Y՝|t:y<GO#t:<άξGVugO#՝Y՝՝|ugVu::2222223M4i26I;3v;yYYYYYYYYYYJR┬eeee)JVVVVVv;yGo#;3;yٍ0U_w80!OOV5_k/U/JR}_s}.a9B\'0!BB!B!B!B!B!B!B!8\'?\0C\0\0\0\0a!1AQp 2Rq\"0B3@b#CPSr`\0\0	?\0:>΃:(&İXĴ%-=)줔RJ{)%5IMe$SYI)鬣uK]G:QԺZMEZMEMODMODMODJMDKuIuKuKuKuKuMuMu#]HGO>DtSEO>DPdED0dAD9EYpAe<YS32<fS32̦ne2fRe2fS&|əLəLəKəLəLəLd̦n|ɟ3s)LfS72̦nE;sne3r)\"2)LȦLvL܊vL܊vS\"ȧfE;2)ٟ;2)ٗ;2 \"< .#˂< .#˂< .b˂<!\" \"r!.b˂rȊȊ#.e>C)iQgG	;K[ևOCIt7Խ?c7:TTT_bOoA;=¿gα3Hz[CΎw?z/ȽV3Aokqqď/J(=\'_[\0G|\Z\'C[j\nVOОۿc:{zʞπW*t7\0W+9}>ßaϰs9uaXzzؑlH$[hH%ГB]	t%ЗB]	t%Й	P			\'i;	Nv\'a;	Nv2x\'2xO<d񓰝\'a;	Nv\'a3	Lf0&a3	Lf0&a3	Lf0&a3	Lf0&a3	Lf0&i3ILf4&i3IJJJI&h/K}?NSsneEe\0\'-?/OoAExQ?U7} i\Z@4\r iH\Z@HZ@Hu!B!K\n]HRBR껐ZZZZZZZZZZZZzzku܍nr5bw\ZF:]wQuququk1Qucuq[uc[u]:ź1]:ź1]-qubF-qubw]-qubw]-qubw]-r5F]\Zw#[ku܍nr=Wr=Wr=Wr5GGGGF]]]R=Wr=Wr5GGGGGzzzGzGEjjHB-߇6?񯯠=KcsǧWj&-鲱ޒ,\n*\"Ĩ\np*\"Ĩ,J*\"Ĩ,J*\"Ĩxp*\"Ğ\nq\'x1\'x1\'h1\'bMO5>$SKO->$ؒؖJkbIMbJkSYGYGX}5>>>>>::::QiQiQi=Sѵ=Sѵ=Sѵ=Sѵ=Sѵ=Sѵ=Sѵ=Sѵ=Sѵ=Sѵ=Sѵ=Sѵ=S=S=S=S=S=S=Qi=Qi=SSSQiQiQQu>>(}GAeOe\rGSEQtQO5O,{(j:({({({(,ಏI $%Iaǒh,y\'Jc{2z,Ò<9*cÒ<9*cÒ<9*cÒ<9*cÒ<9*cÒ<9*cÒ<9*cÒ,9*\"Ò<9*\"Ò,9\'IÒxqy*\"Ò,y\'J䨋J䨋J䨋J䨋J䨋IÒx,y\'IÒxq,9&Iǒh1y&Iǒh1y&Iǒh1y%IǒX1y%I`ǒX1y%I`ǒX1y&Iǒhqy%IaǒX1y%I`ǒX1y%IaǒXqy%IaǒXqy&Ï$,8M<E$c4XM<E$c4XM<E$c4XM?&Iǒh<M?&Iǒh\031<9&Iǒh䝘LLy&f<G$4xLy&Iǒh<y&f<3I$4xN9\'f<Iه$ÒvP9*JÒ0L9*~BqBqBءTP}r2\0\'*FT*R\n`TrT,ÒrTǇ%K0f,ÒrTG%K0䩏J䨏J䨏J*#Ò<9*#Ò<9*P\n`TJaR\n`T3ÒrT3JP9*%Cpn-n-ÒrTKp*[RrT7JR\rn\rÒrT7JP9*%Cpn)%CpLy*Jǒ0*1Ly*>1Ly*Jǒ1*JĨLy*Jǒ1Jǒ1LJJJJPPJ\nPPJJ\n\n\n\n\n\n\n\n\nY\n[!PBqBlB\n///2Y\n,LB]6*eb]6*fbm6*&TO߂z\\UwGH]FHzNzEi?5#;\0\0G5}OWu\"N\0cOCS/zV(#V籩Ї?ӧ =$N?:oBb^\0ΧG5ҍx\n|QE5}9^Ybt;\'|w]]܈~\'C{TjjEG9T}icX,v;KicX,v;KicX,v;K	-Ia$XI,$I,$K	%܉%Kr$I-Ȓ[$#d#d\"InFnD܍܍܍܍܍܍܍܍ψ--<܍ψ<܍ψ<ψ<ψ-<ψ<ψ---<ψ<ψ<ψ<ψ<ψ<ψ<ψId|FId|FId|FH2O>#$2A ǌxǌxǌxǌxǌxǌxǌyF7o#yȞD\'8.B![u^u^N_D_zo=vjuoS==¤E\0I\"(Xk5?{׬\'w{H{\Z}DꟉ^\'ދbV!1X;bCcv!1X+bCcv!1؊;Gb(Ev\"Q؊;Gb(Ev\"Q؊;Gb(Eb8qv#q؎;!vB8qv#q؍#e2aXc,1e2aXc,1e2akl5\Z\rm[akl5\Z\rm[a\Zѭ\Zѭ\ZѭFhFh54Fh\" \" \" \"J¿H_6G;؟޹VF~6F;7٧d5~$\0\r~JW\0n\0M٧******0*0*0*0***B***BBBqBBqBqBqBqBqBqBqBqBqBqBqBءTPv(U?*OlU>ɱT!TP}~(T*_d*d*_d*d*_d*dORY6*d*dlTdةɱS%bK&LM,2Y6*dlTdةɱS%bK&LM,2Y6*dlTdةɱQ-b[&DMtبɱQ-b[&DlTKDlTKDlTKDlTKDlTKDlTKQ.Q.˦Q.ͦi<lO.˦i<lO.ͦ<lO.ͦ<lO6ͦi<lO7yo>y\'o>_y~	߂y4{M=%I>DI>C|%6KUW_ʾ\0L軑rY6*lUdث}b[Mo6*ߊlU*ߊlU*ߊlUث}b[M6*olU*dت~)T&[olUdثUIdتɱU%bK&SRY6*lUIdتɱU%b[&TMlR6*b[&TlUMTMتMتMةMةMةMةMةMةMةMبO\0%D*\'b}6*\'b}6*\'b}6*\'b}6*\'by؞}6\'Mb}6\'ρ<lO>{߂y؞o><lO7y<{O=&M~	_i4{M=&M~	߂i,{K5%߂Y,krY,&rYK5g,%ܖkrYK5f,%\\|&Ȓ|\'|!d:l|%6J:\\YrQew;Lsw\0*UW_%.sy*b}6*b}6*b}6*b}6*b}6*bm6*b}6*bm6*bm6*bm6*bm6*bm6*b}6*bm6*b}6*b}6*b}6*b}6*gb}6*gTρQ>߂>D{O=\'~	߂y<{M=\'O~	߂iM=&O~	߂i4kM=&\\krYK5fȖkrY%dK5&Ȓl&Ȓl&Ȓl&Ȓl&Ȓl&Ȓl&Ȓl͐6C|!d>\\͐6C|!dG͐6C|!d>l͐6CG͒%6J:lt(QdGM%6J:\\q介.K介.K介.K仝KdKw:.?%Gdq1n\0}\0*U\09*/尝npΧSjku:tYНn%Nuz?$\0\0\0	D\nj~/CS~Ob7\\|o޼=c\"T\'`zzw9z|cӣ__Js>Wޞ__r܁o߂~kkkkkkkkkkkk\n_x!KB/k\n_)~R!KD/_$Ir$\\.D\"KD\"m\"K%Ȓ%\"KDۑ6I~%\"KFDۑ6MnD\"mțr&܉\"mțr&܉\"mțr&܉\"mțr&܉\"mr6܉#aF6l#`dcc\0AֿGj5Sއ\0\nKN#\Z\0U\'#Gz(c֋_uu]aXk5\Z\ru]aXk1}>ac1}c1}>1#1R9,rYH䲑e#G%K)R9,rYH䲑e#G%K)R9,rYH䲑e#rYH䲑e#G%K)R),RYHKe#E%Ke\"E%K)\"RYHIe\"E%Ie\"E%KIe\"rXK)R),RYH\"RXKIb),E%\"E%Ib),E%\"RXKIb),E%\"RXKIblC-d!2XKb,B/!yχoztxo~)?NY+5eF=\'5SҊOs}J7R)OwNjn\0*U/TAPTAPVZ9*ob:=U@QGϚ>|tw>kQGϚ5|w>k]O:|q滎5tٮw6kf6kf6kf6kf6kf6kf.k滝k仝k仝KdKdKd|s#]~Kw:._%G仝|s#]~Kw.?%仈q#]uqukVպ5n[:պ5n[Vպ5n[Vպ5n[VWquf7^F5]jב7Q`Tgf3Uyw5]~3f4#B4#B4###B?܍ЍЍ<\Z\Z\ZHD&4M\"iHD&}\0}\0*UW\0t}PTP:PTAPTAPTAPTAPTAPTAPTAPV*\n4T4sG4sG4sG4sG4sG4sn9ێm6q͸sn9ێm6q\\sn9ێmǲq\\{.=ˏmǶq\\$eǲΟWz?a#]~Kw\Zqw\Zqw\Z]5]ƺպ1n[ź1n[ź3UfWq5]jw3U܏U܌܌ЍȐD&4M\"iHD&4M\"iHD&0L\"iHD&0L\"aD&2L\"eb&2L\"a,D&X\"eb&XLD&2Lb&X\"eb&X\"eb&X\"eb&X\"eb&X\"L,D2Q؊;Gb(E,D2Lv\"Q؊;Gb(E\0}\0*Uj*\n*\n99q͸sn9ێm6q͸sn9ۏeǲq\\{.=ˏeǲq\\{.=ˏeǲq\\$erF\\ˏeǲq#.H˒2rF\\{.H˒2䌹#.H˒2䌸\\{.H˒2䌹#.H˒2䌹#.H˒2䌹#.H˒2䌹#.H˒2䌹#.H˒2䌹#.H˒2䌹#.H˒2䌹#.H˒2䌹#.H˒2䌹#.H˒2䌹#.H˒2䌹#.H˒2䌹+.H˒䬹+.J˒䬹+.J˒䬹+.J˒䬹+.J˒䬹+.J˒䬹+.J˒䬹+.J\07\"iHB,!aXBc!2Cv!1؆;bCcv!1؆;bCcv!1؆+bCcv!1؆;bCv\"Q؊;Gb(Ev\"Q؊;Gb(Ev\"e,Eb6X#eb6X\"l,Flv#eb6X#eb6X#eb6X#eb6Xc,Feb6Xc,Fb6X#e2aXe2aXc,Fa,Fb6Xc,1e2aXc,Fe2aXc,1#e2{_ʾ\0}\0\"zDNdoBt{k[҇WOɾ:ܿDUA[T_b\nޯi{z>Iw\07\0\0-gt\"\'ȧ\0{^O:[\Zu;EE?Oc\ZtxIKz[d3:}\'Gh\'J/F~w~N\rF\'1Nح꧳9m6a&bD\"X,IhIh!&Ih!&Ih!&Ih!&Ih!&Ih!&Ih&Ě!.Ih!&Kh!.I脚!/.JlJJh.KITtؕ|***J|	TIWρ*J*U%RU%RU%RU%q*ĪJWĮ%q+\\JWĮ%q+\\JWĮ&q3\\LWĮ%q+\\JW*U%q+oW/YO~MϹSʟq-^#K1.1۠cn5\Zۍmƶ22222222222R2RRRRRRRRRRgsԹ\\vw;;gsԹvw;;vwgsv~|X;;vw;3Xc,b,b,~|πc,~|π1c1c1c1c1c1c1c1cF:1ыF:1юtcюtcF:1c1c?>,b,bXŌXŌXŏw\07ߩ\0Q|N~{o_M6z\0KS{^\0Ojs_g+Q?҂~~O_oI܇ڿ%{UW#RXMc4w&ܚ;GrhMɣ4w&a4w&2f0&a3	LV4&i3IZJ|	S]S]SRT%Mv%O>ĩĿĩĩeؕ5%Mv%Mv%Mv$v$v$v$v$K.ğĩğğğĚ.ğĚ.Ě.]4]4]4]4]hhv]v?Ezv=l[.Ö˰?Ezv=l[.Ö˰9l[.Ö˰9]-aβ9l[.Ýerv.ÝeWYvWa]eWb\nWa]+]v+vخ»Wb\nWa]+]+v:[lWcu]+v¿W\nWa]+]+vخ»WYvخÖ˰b[.Ýerv]aezv]ae~bMoƣR8Fl,Fe2aXcl1m[a\Z\Z5 \" \" UW_Et3	Lf0JHHI~9luaβ9]ua_+]~+b|Wcv;LWcv;\\Wcv\\Wcv;\\Wa%v\\Wa&v\\Wa&v\\Wa`M6la`\rl(b\r\\Wabfv6\n6llخfv6\n6lTdبٱQbM6lTI]͊6*2lTlبٱQ`fFM6*6lTlبɱQb&FM6*2lTdبɱQ&FO6*2|dR9R9R9Q2|T|TdωωOOωωOOOOF$SEQF$UTbE>$ubEQF$sG>$sG>#\'HFO6*6lTlبٱQbM.*$kvi*v{\ZDAD/_ʾ\0}\0*\0	]-aesua_+]1]q]l.gFς>\n2Q`GQNU8TCS\rN$8TASN<TN<TN<TOQnH*mF<䧩%=E)-OQnH*-OQnJzrS[ܔ䧨%=E)-OQnJzrS[ܐT[ܔ䧨%=E)-O=)%=E)-OQnJzrS[ܔ䧨%=E)nSħܔ䧨%=E)-O=rܔ7),䧞ܔے}7)r}7)rɹO>O>O>O>O>M>M>M6iM6iO6iM6iM6M.M.iM.iM.iM6iM>M>M>M>䦨%=E)-OQnH*-E ǒ\ny Ć\ZHj1\"Ď:H1#2|\0}\0*U\0T-RW|wDI߰//OQ\\/F/Gz9_^j_Z+.\03RFt:~ȿΓ=:g\0xoWΞ\0:wfޯ*\n+G4sn9ێm6q\\{.=ˏeǲq\\{.=ˏeǲq\\{.=$erF\\{.=$erF\\{.=ˏeǲ䌹$w$eq\\{.=ˏeǲ䌹#.IrH=$eǲ䌹$w$e##.IrHH˒2䌸\\$ܒ;$w$ܒ;GrH	#tܖ;ܖ;t%7%ܖ;rXKc,wBXKЖ+,wBHI#Gt$ܒ;2q\\{n9APTCϽΖ\'{=p,w}>ҟQ:n˿qE>\0uW؟*O\0\"*\\s~Dt\n=?;Բ/SNdN֋=^{k+z}α3L<BWK!,HI!$|	$I/I|π|π|π|π|π|π<π<π|π|π<π/<π/////<π//////<π<%K,K%K%Œqd\\Y.v;Kis\\.v;Kis׹\\.,K%Œ%K:K:O>>O>>O>y$BY	d%y+^L:α3Lܓ\'[rO$rJ#z~}k;F\0Ğw\0/Z>ƟN7;\"w_/J!bt|s:u#ZOU~>gǣʾ\0}\0-{*CS\rN$888S[ܔ)gRϦ,nRͦ,nRtܥR?$)\nU\n_\n_\n_L)>\nTςS3>\nfgO|O|O|O|gO|E<YA|EgySǟgYA|EgYA|EgYpA|EgY\0Ć,C|şgYC\\ŗ1eYĆ,!.b˂,!.\"ς!.˂,!.b˂,!>\"ς,!.a˂(,!.a˂r,E\\×P9pE\\Cp9pG\\×p///.~Aud]Aud]Aud]Aud]Au؎G\\CPYpC\\ş<ySǟ33n|ɟ2fRe/ԅ***+B!HK-ФRͦ,RϡM>445EWO~ʾ\0}\0*\05Ҟܔ)<K6]7)%nRKtܤ~IH쐥\\\\ХХLЦf|ς<)ς,!.˂8r2{}F6QOMڞڞڞڞڞOOOOOOOڋOOOOOeOeQiO{({.컏>˸{.컒SwOe}=q]wOe}=q]SEmOFmDm>i2~˂(r \")ς,)ς<)JZZ\nG#$B]\nI\01iI-rK#MGd\"/օ/օ+sBς< >!˂2Ea]DmOFZmGSw$IOeܖWrX1]`w&Iǒxqy&Iǒx,y\'Iǒx,9\'Iǒx,9\'IÒx<9\'IÒx<9\'IÒx<9*%C1fǇ$<xrOǇ$P9*%C0fǒx<y*%C0fÒvaP9\'fÒrT3JaP9*%C1f<Ǐ$P9*%C0fÒrT3JaQ<Ò<9*%C0f<ǒvcP9*%Cpn\rÒrT7JR9*R9*[%J`TJnÒ<9\'Iǒxqy&Ii䖞˸{.㩬j-.z6j%6iMq#PeEOe4y̥ФФ\\vH\'B;rF*Og_/b{:Tw>Z/	Q?:?N߱\0?S;ȿgOj:>Or5ԑ^TsWب{Uz?~9}=~ΎΎϧIw	t]t]˰=QΰW,v;K	%e#d#e#d#d#d6O>#e6_>#%6_>#$6O>#d#e2_>#%2O>#%2_>#%2_>#%2_>#%2_>#%2O>#$2_>#%2_>#%2_>#%2_>#%G/#ω|HG/9<d|FKĎ_>#%G/#ω|HG\'y#ω|HG\'9<Ď_>$ry#ω|HG/9|ω|FId|FIĎ_>$ry\'y\'y\'y\'y#ω|FId|FIĎO>$r#ω|FId|F6_>#eIl$[^^¾ßaϰX{e%v%v&K)2!3IM4w&ܚ;/&ׯҽ\",Mo}_|;\'~S)?OsOW_o/\'\':}_i;o?Ĉ6vtzN۩gI_~}g|HP, adbCcV\"Q؊;Gb(Ev#q؎;b6X#e,Fb6Xc,1e2aXc,1e2aXc,1e2aXc,1e2aXc,1e2aXc,1e2aXc,1e2aXc,1ea,Fea,Gb6Xc,Feb6X#q؊;Gb(Ev!1؆;b@REjz\\k#v;[-K~c?=K{#cj.j\0_?\"chLIU)ς2.M躞SYw%w&Iǒxq䨏JaTIU!UTVP~(UdثɱW-bk&TMتMتMتMةMةb}6*j4بlTT]6**/SQEEbਨEE**/QQ~\nTT_OQ=ND\"z\'˂zr&Ȟ\"zr\'˂zr&Ȟ\"z\'Ȟ.	r**/=N\\߂zOS~\nOS~	o=N\\OS~	rOS=ND9OS=MnTT߂77਩EM**oQS~\nT_5ਨMGρSQb5\ZlTiS>3S>SU>siW6siW-b[!Y%*ߊn\n\n\nnK0\'IĖJk(k([k=Ԋ!̧1:I\0g:QRJ{.c48OÒ)U!UTVP~(UdثɱW5bk&TlUOUFU\ZlTiQQtبEE**/QQ~	r\'Ț\"j2&Ț\"Zj2$Ȓ|\'Ȓ|*3>j>|tQfGM56j,ٮ˒v.˒,.˒,.kv.kv.kv.kv.kv.kv.kv.kv.kv.kv.͒,.͚v.˒,.͒,.kv.kv.˒v.͒,(d͒6Kd͒56j:|tQ棧GO5>JI>C3>CȒ\"Zj2%Ȗ\"j2&Ț\"znOSr7਩MEbM6*4تb}6*bk&dBK!XPv(U(U(U&K0*#ĞIĖIKeIOo/ʿyCj3Q0f50`0`0`0`FPh\Z4hѣPhѣFAF\Z4j\r\Z4h\Z4hѣF4hѣFAAAAADADADADADADADADADADADAAAAA\0\0,\0\0\0\0\0\0\0!Qa 1qA0p@P`\0\0?!=77\rp7M|7}\r}\r7C}\r7C}\r7#t:G@#t:GH#tK#t:gL鈖/A6ͽ͑6F(l z!CtN6hmz ~?DA ~?D\rHtHm!ѴmFѴmFѴmFѴ?AGH?A~It\'It\'It\'It\'It\'It\'ItAtAtG\Z^VʼZK\"~K_i!JڹЛ;\'䤚2G)rA`x{IJı-X,l.0Y3	9+;wv.nťؘПPPPPвЗздНt-mEQJJJ55504.../T..T.T/4 BB7B7BBBB7B\Z/4mu---0LкS}T,2m5E1:0\\IhKhKhHNK(==zCJU8~=W\09fgxg_oyx]SvMz$F}*d>blgDUVANj>y:(P Ә/!JC)x?K/^軣cy)>{>\nPM\'i]\rԛCrîx]5t#UNs F~~bkɽMk̫OOJ\'I_69.Nfmng: u\rN7zFa	fRvN9\'$^J)ОдB^UʡPlT6?*B)hD- TRqǱZOǙ\"#2L8J\"N;Β$Γ<;>Ox|\0\0\0٭v-օнRK/:ЃR-hE-\rкBڨoG9/C4U\0P>_	VC,EG	2Ϙ}>`:![كeem `\r` A0ml66l`0m0m0ml0m Ɉ!dde2C 2[[ldd{ddee2222תiеU-^gݑ{0ϱsU}]tuU<gZ+RjHIr$VԐZ+RbijNTNTMTHIufw.ܼ;sd\r><PA$|M7B7rp[5\"_˾.ndrR^˾12^]^d$x#]\0ɗ.\\r	$7wC7@ct\rXXZ]]]]\\`ɥ;Q\'Q4x~5|{J\"kȨ/N7nN6on~5꿁N|Nf[oMz_D꿩~5/^KKp޸\Zz:ږږZzzzK=KKMK}KF\0K]FKI\rF+K*XLIIIIII-II-Ihߩvܚ;WrZCnw-)\n\ruQuK&kct#\0\0uN)]X[ˬ&YuQ7:JCx 5E܀r\0@\Z!*,N1q7Q\0!dШo7PCY?\\?x}YCpw/ܿwr[RoRkRQ×(A?yxK_ԿixK_ԿaxK_ϟ~aS1^/Mz9ؙ%$IqiFiuX>(ө8ɰ2&_yIjFWpgXe&\\eneZeJgj[383ޖ+LLΌ̔̋uFjf&@\'53#Q\naȟ/<?ΟYe8GSzo\0\0,w먹d@DԳP̴\'yJ?ax/^\'KRz_Կix/ǟύc?7<s?7eFQeFQe3FQeFQex=W2zuZ[*[*[+ʗw0 (W(RR\\pRRR_GyGyzYrpp:q\rpqD/11	Ԇh؈	5ax|jDdBjm56\ZoKq5.&[EpρpaPq7lT\\݋\n(uرlzjY];qv..ŭؿbX,4\"Bwwoݓz_eUSs䈙$M̄.w(e}Es3R7>3U^Hӛ\rzwG=	]]OGܞۈW*ۻtdt#\'AU5s,!f<~chn{DyK/3$/3}}^.}F]`܋B]Qhw??YrL\0~\0_|𭋺[Wu6bKuKKUKUprRRR_8peI` (77\"$EH\0\"O\0ACq A-BDO$ Ah`ǒz/TJiR*YK_%TJR*YKtwJ)R*^Kz&Y!(hK.BB*΅fz\')/m9!pEyr>l&	}a+uŴ92k91	QHO^0!A ԃA ԃA>RCsp7071\rA8}C70\0>\0:|AAtAtAtAtAà::Aàt2q~=}}z|Q			uq9{ۇ)әDwR`}E5QVY1V\0R(ϮEH\"T \"ǡ\r	!d$:zZzz\Z){hChCDDDFhD(BhF]݈=gv!\" #.غ\ZI])B?B)B)B-B!B?B!BBBBBA|\"**zZXb,EA!(7\"B!\0x7xcx77xCxx77xcx777xcxxxx/a7XAZ!쇲8:S,\ns$:&(͢˔U4\nbT2-UDF\"{OW~c^QߥaҜ<33υ3<sL3QeFQaQaaQFQaeaepe33<3FS31ee3eFFQeFQaQQaeeFQavׇa6\nOHHHHHHM¦T|*^A|*^EM¦RPa5QA<,\'bZC\"3jv0kr,>ؾ{\0bY}_o-׿o֭MbD(bŋV-6pl(()$묲..K44m3bBqC\0ꁅ3P.T..rRVYſde{__wU{__trO_w)2fc(ز(Ø22(2(2c(2(2(2˃2(2(ˆx00222`002`L6(fc(2(2(2(2(2(2(02}ÓȌOŻ2eȁ\n+ IbMtuۍw\'˗&~rѳ<سvAa8C8C8?g\0\0L%Ĩ͌aÆ0gu_xgFu`\01(HU>\0\0;[-Z@m2m([-[. [6\0am΅΅΅΅΅ΜS	?\'xU+,ܵw~\r=d?oU{O}~}ÓUC2(2(2(2(2(2(2(2(2(2(2(2`2((2(220000006,2LanQQaQeeFaQaFaE\\V/imxaIf xnu%}UWgFdeu$3\0ʅm\0!J5n\rSJo,howwb\0B\0CqŮ}kk{.Ρ>&Dڂ(#CGXJIa(&BxM	,$rK	a0%$Y%ܲWr[]+mw/ߊdhb`ɷx:g\Zۇa~}Ó}\"fHNn[7RPܻ\rEE}͇4XeE \n?#r~Esw{!Fj?7_A3_&PՋ6>%/R(\0H	\'h\\QjUNiTQGWsUUwQ=d9pS-;ʧ2ܯ&gZp%ss{ư[-nKq&j&bL8][pV¬߆pOj{R~c)p\'i\'i-[n	!׎K,F8ㆱбPвл	v,T{,-bBBBBABBBBBBBBBBBBBL5:6&ȞRiI\'RmI\'TRKE,ԾZKRjz/\rC^9S5dr?ޗQǕX˯B௾M5ϓ@f䩪c#y\n\r(7\"\"**\"\" .>64 )0(()+(#+v$$\'\'/ޅطb^]˱iv,.ŕطwbY݋Kwv,ؿb]݋\'wv/ؿbZ݋cv,.Ņؿ:b_]wv\'\'t/صbwB_݋۱{v\'t.nޅؽ7bLNLJJNJLNN^݉\'#++\'#++##35//\';\'9&4\'d愌p\n!HR\"0}u&g,KUA6Ro.tA5r\'y=_¢NWe.0Ң88Î8㇎8pÇÇ8qAGQQqqQQuGquqGq\\qQ|qqquqQuGQuGGQuGQuGqqQQ׋0E:\'er-ɢ\'\nwނCU9?3\'꯻\'/_N_eFQeFQeFQeFQeFQeFQeFQeFQeFQeFFQQaaÇ8aeFQaFaalo{{{{jjjZejZejZeT2C-PT:,)aG)!	4(\'\'j,^V/~F[=b.^\09&@d(F2ŉ&P+/s}p}jl/kѣN}f͝lc6(@q!j\r7?!}U-*TRC\"RCS{yBCfp1mBK.\\UMEZRqj^-I06+Si&ajOIũx.i.֥ԻY-K%ߒ3$ID$1CrU	WꫮrWI0000\r\r\r60۠ۡn666{ej2C-PT22j2eQ\0,)aG\n^RT,)aK\nZR爾xxXY$cccd\"hH bTBA	$BI*J!$%BA	4A%\'BQ*?TCbJSlTTTTjjjj\"\"\"\"U#U#\"zzZ\ZxeH%HeH%DU  x%HED\nJj~4!|>NO3gO޽Xw޽ݑ\"D0M7߃~\r\07x R򨰫R򨰫Sa,*M}|MKd,OK6u6XL\0y^y/<q1-8LADAD	DD\0@1@\"Z/DB\'\riT!paB*j*T**\n*\n**\ZPPPPPPPPPPPPPP_B!BBN/꯿\'꯽\'꫎~~\'Q:Ծ/}K_QA!0Aq!8b,EHHEHEH%H%H%H%H%M_R	RRR	R9Q<2rR2xHD\n\n\nU*\'TTTTKR5RRR)R!Q<RBxUHUHDVxUD*J\"!U!U2\n\n\nxHH%HM_Q<:*xD**jꚿ\Z©\'TTTTTTTTTTTTT \"! ! 5~5HUHuHUHUHUHUHUHUHUHHUHUHHHHHHHHHUHUHHHHHD**\n`JYy,LTYC1C7-kRjjR?B#B?B?B?B?B3B/BB/BB/BBBBB\'BBB\'BB?BBBBBB;BB+B?B#BBBBBBBBB%B-B%B-B-B-B%B!B-B-CGP_EhEGECGC@!! T! 4=E=#\"##\"T t!T!\"ЄPP_PVJzz::z\n\nT! t!##\"#\"!#!~~z~~~J:Igrۧ׍UCDn\"n<!k	(W\'ב舙ZNG=t;/.c vrBGQTc8+\\k.C>?&Cء^I9#^?-euNA\Zb\0DC&ee3331Ql3<c31ωaa\\3e33eLS1eFQeFQc1eFQeFQeFQeFQeFeFQeFQeFQeFS1eFQdf0]m[e^FzJB\0js-Fu[Uȏ]T>멞	3Ep\\\"G!4|hDhDhDh@hm.|hm]b\"kvŚhhh67vloYc}f͍n,؀D!(7lFPoYhv ZP	B #&%JPJ\"(\"(\"JPA!RPJB(B/PJB(_%|-҅P_%|/PJ|/PJiB(Zx,PJIB(Y%$d zPJh ҄PJ	!\0=x^,\"ΈLA<eWQ9eNvri=T/܁԰2A9#oZ׼shag[GۿBs\\.<{Z-^{\0\roYx-xt7~Cw\'<|޳nuDUhK-	E,%H	(HJ	A %<J$ЖZBYhJx%ЖZBIhY-	e$%аZBh\\-..бZ+Bh\\-šzh^-šx.нZBihM-	&mhM	e4&TN	ЙZKBk艢\"ptzC}}<l\'=fQp@?wSvX~W\'.g\0ɕQrTS57>gxLdpUp(s[/$Uo$6O_lV_dEEC\\V2BRbb\"<1+&\\$Ɏ\n[x,|B`/ЃQAA\"-D`Db0 CF\0B0l0 l6pB~AEQ	,ݟa^.߻\0^uǇ:s~MVXjիx=-/w=CƵcz\0rN~5#$݃TN=xY	3DKGhCAF p\nB!B5BCo[Bx A{ !쇲ɇ>8>>Î88>88㏋8888qQqQÎ8qqqquqqQG:::8㎣:Ht^;;uZ_aYP 0J>R+|m×l.xq\'X=IbŢM[=y2X=!\\+iv-.ƥT`ZZ=Osv.ؿ;wa./wv,ػ7bɉ]]]uضqdTQE%H\"$^j|NNrou%,,-2{j5n,5-/5\'d~k|fkJ\Z\\{ov,Ņذb́6ĽHH\"ꎟJNAt,!aC-D2dqQuGQuGQuGQuGQuGQqqQQQqqQGQqqQQuuGuqGqqQGquGGQuGQuGQuqqQqGQuGQuGQuGQuGQuGQuGQuGQ3[=RtzK}Ӊ׉\0V+*\na(mcХ[#jv,NؐXKK-KMK\rKx`1$uwx{vf\r^^Ӹ7x%	ba$_1S0000&`p00cF(``,b/Xǌx`1x<~5AEEu%C9s|\0eHK><L(ƌ\0\'N30I.U/-sJJ9b+ЄT~z :GQuGQuGQuGQuGQuGQuGQuGQuGQuGQuGQuGQuGQuGQquuGQqGQuLQquqQuqS1GQuGQuGGQuGQuGQuGQuGuGQuGQuGQuGQuGQu8pïN\'z(6X\"*r0TaI\\tz񪘹wmyuNn9QM\\&AzR&f^[z5)X)W.]P$ZzVnO_O78}AGdOρ/έrS+}k9sQyHu/&l=^B6ʳ23Iџ,^x66dyj[R C1\" TTTTTTԏTTTTԏԏԇTTTTԍԁԏԏԍԍԁԏԏ*GG@@jFFGGGGGGGF@@j@@jGFG@@j@@jD@j@@j@@DGBBjGj]]MHHMHHKww.ow!u.Nf>>>܎Կkw!\".܏ԎԈԍԃTTTa/}KXR&A\raO^<UU賙R:ED=M_&3vf1C	s3N-ۯۯۯF0`0`\0\0\0\0\0~\0~0\0\0\0`0Fـ\rdm6D@Ѓl@ɢ\rA m6f!\0A\0#=~F~C?\"z=jI*H*-RvsTu>9LTkW^xg\nߑtñ坝z\nT ^ReN-9ڗ5d!ЂB(Z%tv/҅t.O A4i	 $	0$D@H	^y>\'yOg(4Q2(\"OERW\"I>Y҅Ҙyd~dddddgN(\0\r%.\0ǆjRBBN0Iq2&pztf/PB\r\"jYYkn\'ᑟçUWͺ/\"$R*oSf*oŷ2:OscP\r\'<W@%z396\'/O3=oa3EOeOeOgv/+!=ũW\0?\Z0i.A?ZU8erP01_Yi-(M>hˎ/O\\u}=},ugߊiaߛLLɌ/KYIsVk89&\ZpɬF!.\"(稠kpw$fҢ΢*BKLVMçGQuGQuGQuGQupu3\0]:::OeO ;R\0G/q;R%v0g+~@E\'\ZJY_w1@\0Yia͠]Z8{:p/N:q4k,Y}x-Wx[\'YJx5R\nT]Am*,\r7P-C^6CoQe*:G_7P-EoѭѬѼ:Qa*-TA5\rNTFѼj\0 &MBV7~,,4.TЁP;pu-ܸ;5\Z:UE-zptv񺎣:gǟuGQuGQ׋xx\"\0oy\0EF-U[!%8,š\\}Wڅ؋P`#o(K=to|@aMZNLrS.\ZW\0\ZSO\n><ϞKH Ķh(@vZ(\n\"J\" z`J㆖jʼ2p҉rbz\'Bpu%oTuYJ(OoCw\0\0(ۇ7QuGS3?_]xEK_$G\\3U!>I~TDUȌԾʿXY1͋S\"]?I}u/\"3z-G+W#ݽigCӥE9.F	Exf<zԂ Yߏj2{/4s8rzjTTA#ЃH>7Xj(Q#_D-.ľʥPhA1 `EQ R\"PA|0z\0G$#R/^ Ap/_ A|-^ Av%z0bT-j[Ah81h<NuT-PX AjRRRRSkss2rN]]K*ypv\"*йZ	nYQ:\"hrTۇx̧$\"WPC41\\*o\0=i=K֧DF9m8}@n!n!nnanpo~J\0-PS0\r/~⪷UuUo5[[߄p7\rq\rq\r7\r>`222`d6!?]x`?^4ʩ[9QNjߣ3#_vBҟes;,+zjLK%<1Hu}m-m--\Z#DhЍЇPЏPPPЃPPPPr\Z\Zz\Zb\Zbbbbb`\rB\rB\rB1B1B)B1B=B1B%B1B\rB-B0F(F55=5\Z!!!   zjj7B,@ʄ>n>nf..\Z.>HЅZZ:z6Eȵ04ABTZrBCvR7\'{ĴP_\Z6ɯ^\"docRvI+rj\\5)׈}^QU9D^^t+׈_Mx׈f2(2(2(2(2(2(2(2(2(2(2(2(2(2(2(2(2(2(2(2(2(2(2(2(2(2.(2(2c/WFm\r5<[]\'F	o\nAxąTWnp{n(ť2ep\0%qf}F,g0l?7mN7љW\nذPa\nb\0\n*JaEⅲYp\\(7QL)L\"LJ!](](](](](](6b׉i<)IBi!(w	H&MhM@HDN\0+͋۱|/aҦ\ru7uK{\'=$_ZVc~ۻ\nZ,9.^~+R+_ԯ\'\n\02(2(2(2(2(2FQeFQeFQeFQeG(2(2(2FQ(p((Ç8pÇ8pÇ8p8peFQe2QeFQeFQeFQeFQeFQeFQe׈L}gR\r-yR|<5\\CD\rVc_أV`\0?Rsbnn׻zM?&%ܶ;\'rXbw\\pѷ0m:m7m÷86[<&@nv3sIiw-\0r^ӹxw/ܺ;GrWۓ2hOI	#%䏂s.wi8$ONb j\\ױsS\n]nܒԷ{ɓtp5t0Ç8p::GQuGQuGQuGQuGQuGQuGQuGQuGQ\0fgfffffx}Dy(QWfxoar\\VQ[uÙ?Q7\Z4UO~T5eV&HUds~滑U9_\0>8>>.8>.rzFn8㏃?|q\\~~qqqqqqqqqqqqqqqqqqqp2\'8888888888888888888888888888888888888888VxqqA>#qqq>>#8 8\0\0\0\0\0\0 u\\,%`\0=\0\0o\0!n_M\0x\07\0?^<~a\n/^8~<~Ǐ^<xu~/x\ruwǝg^;ǎG<Es8x-!Ԣr35o\0_/ \n~~ #;~\0\0\0\0\0\0\0&,*:^Kt:XKxeKx/a|(:^Ka|a|a|a|i|a|a|Z_m|om>|om>|?6\0>	gl߱l߱}߱l|;6]x6wl_ca~σg_q|66K6`l\r6&؛SfmM6ۛSnlͩ\0HDIDDD^#dl6VۉFM<H.~GAtAtAtAtft3A8Yh3C:N#43Anth7A\rnt7A\rnt7A\rnt7A\rnt7A\rnt7A\rntm\rntnt6hnt7ChmFѴmF\rh6mFѴmFѴmFѴmFѴmFѴmFѴmFѴmFѴz@dAdAdAdAdAdAdAdAdAdAdAdAdAdAdAdAdAdAdAd0alYAdŐ`22 2 2  2 2&2 Ƀ&  22 2 22 22 2b2\rq\0,\0\0\0\0\0\0\0Qa!1A q0P@`p\0\0? m2Kȵȱ>ȳ~şd[v,{x<H/h~P]i#>G	`S}JD		*O`~Zr\'%(_\n+e#\ZD\n(JPFɦ%(A/4IYDKP$PFj+(h)+ٲQy/Q%B?S?S?SSSS\\E[8h#lеlCLpwׯQAUYI2Pس|d@̴-Bд-BhZl[ay H>2|djꪻưK\'!Y$bUJLj8߿\\ſ3l[Fuû\0\0\'Di\\;o\0:#Jz?/?4n(d2C!C!̆C!ac\0atFûTn;yKe\0㯈XÖ7Gz|^5pj,bZ/w(RBw&hl5\Zj\'!]{̰w=-3nׂL,9JyWJM\r~ܯhphσ4p%6oc	Unbb5M烂0H^>(W\n\n>8WǱr\Z\0W	[׮5%{4c^7.\rWǫ7ax|,WxU3~/SqW\n\Zr}UʹQfTݜVän<Īɞ*9F)	ʧ<?\'Di\\/?fxfgR^9ԖK%K,VK%u%ԖK%ԗR]Idj%MLu%ՒMLu&K5K.Y.K%K%ՓS%ԖK%ՓQ.K.:u%ԗR]LK%ԗS:K,K%fK%u]Idfu33\ZW\0Di\\;ouҸw|P!)|LyH!ݚpR+@_&kB	-eҧF4V6I\'\n^zc F2J9n&C,k4Ӈ\0>ҸV|R+w(<H.]*ncIo7:V1Mr5%K6WwPԄtʣcIմdU\0ã4	y\\ؚv-!<U\'ߗx-5<iim~km*M5>f\'>f65I-M5fybLUҷǗByuU8!Zp	T\nHʇn\Z4we»#o!a3A4絖/cCi5Z/1`^UqQ̮$Ul􈈄D|V>+ǀv\0:%=EEy-!22r7\ZW\n.+zW,87<saXFY2.\"&TbR.\"jE]DMBm.\"kPԉsl:=:XEP:xE9E,\",\",H\"+!aaaPK`ZE`YńXQdrl,\"%aA!+Kj(oHE(JV\";\"nrH\0pDZEP\"EXEH:&tqtF¾hzJf\"Qhw~`8{tdSծl)V\"R[r\0<y6c;w*]b`߽HƵ\rbüwÅɘ4^3Y\nW8peׯYqǇ=ǹXmG={@\"4N30ķn=l1dlE/dE\"=0C =ĲCD====E7D42鋠i{8gV׶vۂS^ˬ	cX퍢u6ë\r^>d{\'h9]qo.ߍV%s[i>χ+|\0\\S1$$45\rɥ6\Z+\ren}Z}c椨\0\0F_:#J_		dCͷ:kf=`\0珳<W\'?H\0\ZW\n/\0̿tF/\0/ٗ>JҸRϙē!ѐd22C!ІC!d:2C!ІC!ЇB2fd:320̆fgL3!̇33#aA<3\0$cGdqC32C C*#J\\Y9Q||޹࣬QK>^<:Y/a:ey6	|ؿx~3Lb_-E\'벁j,Ǎhk\\yDFh	6=ư(Vh+=\nU*1P\"E=*<j*;we؉.M=(,qyv9(2\"L9Br1܅݌{!W0^!=3_¯aW0#¯\"#63\n=	9\"ZrB̓H\"\n>M:\Z\Z!4n$(hd(|>\r\Z\Z\"@#GkCZPH#/![tB--g\'/,^MCR`r-VK䨍+k\0g/4;k_>tFµ\0\0:#JZgk	Di\\+^j\0뿡tFµqf!ѐCBEFC!CC!cN:t3!d32t!C!td:C!ІfC!Ɲd32fffffC3!C aC3:fA2xC!C3!d2C!d2C!d32C!d2C C C!d2d2Bt%BT,A*\r8~*ҸV%_$\Z8#Klc:1V$0agڎxT;\\Yu^Fx_1q3Mz;P|-7H:7T<п{&}u`~PSNYy\0XT4h\\;e{l~vp,Bbt<jEڑX3-\\({sB[ǛG\Z#kӖϢMr_0B%\rh_\\Y,FSe~/;J}r5lOLOlK1{\ZGYW9[R&~I\ZwTf\0Io܅oalK~>}_u~|QnT8~.ҸWG~_\0eCX|]pݟqW>.\0/p߶4\rCBIЇBBt\"CFC!ІC!ѐt!ЇB(!ЇFC!ѐtdP*C!ѐt!ЇB2t!C:2d:2t!d2t!ѐC!ђC!ЇBT%FJ:C!ІEBB:C\"Ptd2(d2d2t!ІCC!ІC!ѐd:t%BC!t!ЇBaXe(,`y8|?\'DhLh@^KA<ٌ	APG%íK6ßhbo.4Dɟof΃y^,!wxp~\r>_: >4#_ pfB:AJYtf\Zg>\0<0G3A̿gDt\rV.kr24г)b?l=xmz+tz\nrg&̮B7X8cÎ+I0~xRx-	BinD<hd{(10<4˗Fi20bߢ헬\Zfvj@Su^HRIsDpp\0稍+6?U2\0+o8B\0z#Oы~|jIG-\Z/HVtxK	:89:~6E,74%2H6Іm$>\'Jė3	Ғގٗ ԣ&јdi\'G3GOҍAoĳp$Q^MIDrIdVE [}Nfmo.HLv	\0veX &Rr\0_\Z8xPt%d\Z4)&Xg4iiҹ;pk*%;|ƃ8ZlE6:lkӾzQ̪UbEa&ӲAT8pb*bTQ+\"HZ.T>1rݎj|<nn7-JwAҪ]nvn?--@[[+{z\nwA[ݱJYEo?_:\n>تA[ݩ[[+{+yovov%oԪI[U.;\0;P1s|nvV:w@[\nV\0fBwI^\nK_-xPU{-+wlWA{\"*J\n*5X*wQ[EWEn~3u\Z[Ȫke/{%\'wzThvf\0We[kD<?;D&xAS*9X(nSSi^1\rM-e/69ZiuHLM\ZXS̶Lc/p3/!	ubEuEuEd\".,U\"/\"68ud]E]E*UȸMh^E}E_Fy@Vԃr/T_]iV]&[=,\\w2]˥?6d_2Iϑrd4d{r6Bv>oَ&$˻/ͧq|MKC_b\r)[G͚IIi<?/E½\n*1M)J(r}\Zaǩ=:n!Z:}JKW8UlGLkc\0(䒢l@=m8\'(Q=T=bM$RʰcѪk3;SY2U1YY$͋0Li+LIpdQ:ǻQQUhHrX(|3\nզV\0[PW#[9	pD<Bo%\"3qfKu{)f:95C:eЛV#7,婝?gHYFmPFȍL\rvC\"9zg6|M|=7\0`^޾WbgS-!7zA~W%r_Ao_)/%_A~J侃wtA~K:$=װz\r7\Z}I4}Y=/@xwO$M$Jr#\'`ro?/Eý\n_QOQGTD7mAIOSvLӼ\0x6*;5Viݧ6o>\0lx#(4p=\n7KY</\0>_5N+\0W\'	!A+ۗ^YNW\'B(!Њt\"T\"t!ЇB(d:CC!ЇB(d:2(!ЇB7\"\"t\"tdPJPC*X,*a**,*:!Ё$H`F X HC$HBd2E0!d<	PH	!@B(t	8	$Hb.	&Oޅx9<ebPmt\07,61[v\nz`?@uz҉`~<Ogg:ae|92#14;ݭ^۰X\r3C\rc[^!tp~wU$^H  \"|b[ɷ>}dм	M:y[҉y<|ӅGR\ZVMM[\\a\0\ZwhҵgX3{RɢjZ{\rXjYtԴЖ:.~');
/*!40000 ALTER TABLE `orders` ENABLE KEYS */;
UNLOCK TABLES;

--
-- Table structure for table `product`
--

DROP TABLE IF EXISTS `product`;
/*!40101 SET @saved_cs_client     = @@character_set_client */;
/*!40101 SET character_set_client = utf8 */;
CREATE TABLE `product` (
  `p_id` int(11) NOT NULL,
  `p_name` varchar(45) COLLATE utf8_unicode_ci DEFAULT NULL,
  `p_price` int(11) DEFAULT NULL,
  `instock` int(11) DEFAULT NULL,
  `seller_id` int(11) DEFAULT NULL,
  `cate_id` int(11) DEFAULT NULL,
  `sup_id` int(11) DEFAULT NULL,
  PRIMARY KEY (`p_id`),
  KEY `seller_id` (`seller_id`),
  KEY `sup_id` (`sup_id`),
  KEY `cate_id` (`cate_id`),
  CONSTRAINT `product_ibfk_1` FOREIGN KEY (`seller_id`) REFERENCES `seller` (`seller_id`) ON DELETE CASCADE ON UPDATE CASCADE,
  CONSTRAINT `product_ibfk_2` FOREIGN KEY (`sup_id`) REFERENCES `supplier` (`sup_id`) ON DELETE CASCADE ON UPDATE CASCADE,
  CONSTRAINT `product_ibfk_3` FOREIGN KEY (`cate_id`) REFERENCES `categories` (`cate_id`) ON DELETE CASCADE ON UPDATE CASCADE
) ENGINE=InnoDB DEFAULT CHARSET=utf8 COLLATE=utf8_unicode_ci;
/*!40101 SET character_set_client = @saved_cs_client */;

--
-- Dumping data for table `product`
--

LOCK TABLES `product` WRITE;
/*!40000 ALTER TABLE `product` DISABLE KEYS */;
INSERT INTO `product` VALUES (1,'cpu intel',1200,100,213,6,7),(2,'cpu amd',1000,98,213,6,8),(3,'vga nvidia',2100,1,213,6,11),(4,'vga amd',2010,100,213,6,8),(5,'mouse',200,100,212,6,6),(6,'keyboard',300,100,212,6,6),(7,'CSGO',169,1,214,1,1),(8,'witcher',369,1,214,2,2),(9,'gear war',1699,1,214,5,4),(10,'The Sim',399,1,213,4,2),(11,'ram 8 Gb',499,14,213,6,7),(12,'ram 4 Gb',299,12,213,6,7),(13,'HDD 500 Gb',1200,6,213,6,10),(14,'HDD 1 Tb',2000,3,213,6,10),(15,'SSD 250 Gb',1399,8,213,6,9),(16,'SSD 500 Gb',2599,3,213,6,9),(17,'mainboard',699,8,213,6,7),(18,'PubG',399,1,214,4,1),(19,'Headphone',199,20,212,6,7),(20,'Final Fantasy',1399,1,214,2,4),(21,'Animal Crossing',1499,1,214,4,3),(22,'Zuma',145,1,214,5,1),(23,'LA noire',299,1,214,4,2),(24,'flash Drive',199,21,212,6,6),(25,'DOOM',1199,1,214,1,1),(26,'GTA',1399,1,214,4,1),(27,'Monster Hunt',1299,1,214,5,1),(28,'Red&Yuri',399,1,214,3,5),(29,'case computer',499,98,212,6,6),(30,'Pokemon',179,1,214,5,4);
/*!40000 ALTER TABLE `product` ENABLE KEYS */;
UNLOCK TABLES;

--
-- Table structure for table `seller`
--

DROP TABLE IF EXISTS `seller`;
/*!40101 SET @saved_cs_client     = @@character_set_client */;
/*!40101 SET character_set_client = utf8 */;
CREATE TABLE `seller` (
  `seller_id` int(11) NOT NULL,
  `seller_name` varchar(45) COLLATE utf8_unicode_ci DEFAULT NULL,
  `seller_address` varchar(45) COLLATE utf8_unicode_ci DEFAULT NULL,
  `seller_phone` int(11) DEFAULT NULL,
  PRIMARY KEY (`seller_id`)
) ENGINE=InnoDB DEFAULT CHARSET=utf8 COLLATE=utf8_unicode_ci;
/*!40101 SET character_set_client = @saved_cs_client */;

--
-- Dumping data for table `seller`
--

LOCK TABLES `seller` WRITE;
/*!40000 ALTER TABLE `seller` DISABLE KEYS */;
INSERT INTO `seller` VALUES (212,'khon','2312',12512),(213,'sad','3123',5131),(214,'dwe','421',5332);
/*!40000 ALTER TABLE `seller` ENABLE KEYS */;
UNLOCK TABLES;

--
-- Table structure for table `shipping`
--

DROP TABLE IF EXISTS `shipping`;
/*!40101 SET @saved_cs_client     = @@character_set_client */;
/*!40101 SET character_set_client = utf8 */;
CREATE TABLE `shipping` (
  `ship_id` int(11) NOT NULL,
  `ship_name` varchar(10) COLLATE utf8_unicode_ci DEFAULT NULL,
  `ship_phone` varchar(12) COLLATE utf8_unicode_ci DEFAULT NULL,
  PRIMARY KEY (`ship_id`)
) ENGINE=InnoDB DEFAULT CHARSET=utf8 COLLATE=utf8_unicode_ci;
/*!40101 SET character_set_client = @saved_cs_client */;

--
-- Dumping data for table `shipping`
--

LOCK TABLES `shipping` WRITE;
/*!40000 ALTER TABLE `shipping` DISABLE KEYS */;
INSERT INTO `shipping` VALUES (1,'flash','4234'),(2,'kerry','4566'),(3,'PTH','9876'),(4,'J&T','5643'),(5,'Fedex','1984');
/*!40000 ALTER TABLE `shipping` ENABLE KEYS */;
UNLOCK TABLES;

--
-- Table structure for table `supplier`
--

DROP TABLE IF EXISTS `supplier`;
/*!40101 SET @saved_cs_client     = @@character_set_client */;
/*!40101 SET character_set_client = utf8 */;
CREATE TABLE `supplier` (
  `sup_id` int(11) NOT NULL,
  `sup_name` varchar(45) COLLATE utf8_unicode_ci DEFAULT NULL,
  `sup_address` varchar(45) COLLATE utf8_unicode_ci DEFAULT NULL,
  `sup_phone` varchar(12) COLLATE utf8_unicode_ci DEFAULT NULL,
  PRIMARY KEY (`sup_id`)
) ENGINE=InnoDB DEFAULT CHARSET=utf8 COLLATE=utf8_unicode_ci;
/*!40101 SET character_set_client = @saved_cs_client */;

--
-- Dumping data for table `supplier`
--

LOCK TABLES `supplier` WRITE;
/*!40000 ALTER TABLE `supplier` DISABLE KEYS */;
INSERT INTO `supplier` VALUES (1,'ROLA Games','California, United States','2147483647'),(2,'Giant Realm','Georgia, United States','2147483647'),(3,'Gametraders','Tokyo,Japan','426328510'),(4,'Level Up','Seoul,korea','23123456'),(5,'AlphaStreet','Tokyo,Japan','447849980'),(6,'EliteWaves','Newyork city, United States','2147483647'),(7,'Intel Corp.','California, United States','3212412'),(8,'AMD Crop.','California, United States','2132412'),(9,'Seagate','California, United States','512312'),(10,'Western Digital','California, United States','1521321'),(11,'Nvidia Crop.','California, United States','512321');
/*!40000 ALTER TABLE `supplier` ENABLE KEYS */;
UNLOCK TABLES;

--
-- Table structure for table `tran`
--

DROP TABLE IF EXISTS `tran`;
/*!40101 SET @saved_cs_client     = @@character_set_client */;
/*!40101 SET character_set_client = utf8 */;
CREATE TABLE `tran` (
  `number` int(11) NOT NULL,
  `p_id` int(11) NOT NULL,
  `p_name` varchar(45) COLLATE utf8_bin DEFAULT NULL,
  `order_id` int(11) DEFAULT NULL,
  `quantity` int(11) NOT NULL,
  `price` int(11) DEFAULT NULL,
  PRIMARY KEY (`number`,`p_id`),
  KEY `tran_ibfk_2_idx` (`order_id`)
) ENGINE=InnoDB DEFAULT CHARSET=utf8 COLLATE=utf8_bin;
/*!40101 SET character_set_client = @saved_cs_client */;

--
-- Dumping data for table `tran`
--

LOCK TABLES `tran` WRITE;
/*!40000 ALTER TABLE `tran` DISABLE KEYS */;
/*!40000 ALTER TABLE `tran` ENABLE KEYS */;
UNLOCK TABLES;

--
-- Final view structure for view `all_purchases2`
--

/*!50001 DROP TABLE IF EXISTS `all_purchases2`*/;
/*!50001 DROP VIEW IF EXISTS `all_purchases2`*/;
/*!50001 SET @saved_cs_client          = @@character_set_client */;
/*!50001 SET @saved_cs_results         = @@character_set_results */;
/*!50001 SET @saved_col_connection     = @@collation_connection */;
/*!50001 SET character_set_client      = utf8mb4 */;
/*!50001 SET character_set_results     = utf8mb4 */;
/*!50001 SET collation_connection      = utf8mb4_general_ci */;
/*!50001 CREATE ALGORITHM=UNDEFINED */
/*!50013 DEFINER=`root`@`localhost` SQL SECURITY DEFINER */
/*!50001 VIEW `all_purchases2` AS select `c`.`c_id` AS `c_id`,`c`.`fname` AS `Firstname`,`c`.`sname` AS `Surname`,`o`.`order_id` AS `order_id`,`g`.`p_id` AS `p_id`,`p`.`p_name` AS `p_name`,`g`.`quantity` AS `quantity`,`g`.`price` AS `price`,`o`.`order_date` AS `date`,`c`.`c_phone` AS `phone`,`c`.`c_email` AS `email` from (((`orders` `o` join `customer` `c`) join `get_order` `g`) join `product` `p`) where `c`.`c_id` = `o`.`c_id` and `o`.`order_id` = `g`.`order_id` and `g`.`p_id` = `p`.`p_id` */;
/*!50001 SET character_set_client      = @saved_cs_client */;
/*!50001 SET character_set_results     = @saved_cs_results */;
/*!50001 SET collation_connection      = @saved_col_connection */;
/*!40103 SET TIME_ZONE=@OLD_TIME_ZONE */;

/*!40101 SET SQL_MODE=@OLD_SQL_MODE */;
/*!40014 SET FOREIGN_KEY_CHECKS=@OLD_FOREIGN_KEY_CHECKS */;
/*!40014 SET UNIQUE_CHECKS=@OLD_UNIQUE_CHECKS */;
/*!40101 SET CHARACTER_SET_CLIENT=@OLD_CHARACTER_SET_CLIENT */;
/*!40101 SET CHARACTER_SET_RESULTS=@OLD_CHARACTER_SET_RESULTS */;
/*!40101 SET COLLATION_CONNECTION=@OLD_COLLATION_CONNECTION */;
/*!40111 SET SQL_NOTES=@OLD_SQL_NOTES */;

-- Dump completed on 2020-06-03 19:58:33
